,0
0,"""I felt as if Debbie was a friend giving me tools to move out of the fog."" Lili https://t.co/xR3G2zNBi1‚Ä¶ https://t.co/NsZRV7B7GG"
1,A very unorthodox approach for ending #panic and #anxiety https://t.co/D2itGBax87 #Worry #Fears #Phobias
2,Mind Hacks to deal better with #anxiety and #worry.  https://t.co/CByPh6zp6G https://t.co/BD3nywxbBb
3, @ishan_snow: ' #Worry ' is a misuse of your imagination !!
4, @ishan_snow: ' #Worry ' is a misuse of your imagination !!
5, @dlhampton: Don't let your amygdala run your life.  https://t.co/rJC0LnJGjh #fear #anxiety #depression #mentalhealth #worry https://t.co‚Ä¶
6,We probably wouldn't #worry about what people think of us if we could know how seldom they do.
7,DON‚ÄôT #WORRY ‚Äì GIVE GOD YOUR #STRESS! SEE WHY BY CLICKING HERE FOR MY POST: https://t.co/V3EtkkpRLH #blessed‚Ä¶ https://t.co/qhIJ3gc9Hl
8," @Ranal55: Don't worry be optimistic.

#quote  #worry https://t.co/cDpPPgMdU9"
9, @ishan_snow: ' #Worry ' is a misuse of your imagination !!
10,Help is available for #depression #anxiety and #insomnia. The device is FDA approved and comes with a 30-day mone‚Ä¶ https://t.co/W0k6mT5FJV
11," @Ranal55: Don't worry be optimistic.

#quote  #worry https://t.co/cDpPPgMdU9"
12," @Ranal55: Don't worry be optimistic.

#quote  #worry https://t.co/cDpPPgMdU9"
13," @Ranal55: Don't worry be optimistic.

#quote  #worry https://t.co/cDpPPgMdU9"
14,DON‚ÄôT #WORRY ‚Äì GIVE GOD YOUR #STRESS! SEE WHY BY CLICKING HERE FOR MY POST: https://t.co/V3Etkk8gn7 #blessings‚Ä¶ https://t.co/KSWohSM1HI
15," @Ranal55: Don't worry be optimistic.

#quote  #worry https://t.co/cDpPPgMdU9"
16," @Ranal55: Don't worry be optimistic.

#quote  #worry https://t.co/cDpPPgMdU9"
17," @Ranal55: Don't worry be optimistic.

#quote  #worry https://t.co/cDpPPgMdU9"
18," @Ranal55: Don't worry be optimistic.

#quote  #worry https://t.co/cDpPPgMdU9"
19," @Ranal55: Don't worry be optimistic.

#quote  #worry https://t.co/cDpPPgMdU9"
20," @Ranal55: Don't worry be optimistic.

#quote  #worry https://t.co/cDpPPgMdU9"
21," @Ranal55: Don't worry be optimistic.

#quote  #worry https://t.co/cDpPPgMdU9"
22,"Don't worry be optimistic.

#quote  #worry https://t.co/cDpPPgMdU9"
23,You have a #choice - You can either #worry or #worship. You can either #pray or #panic. Choose!
24,Just saw this on Amazon: How to stop worrying & start living by Dale Carnegie for $1.99 Kindle Price‚Ä¶ https://t.co/wVYAXIqtdf
25, @awilkinso: #frustration & #worry come from #desire ~ Buddha https://t.co/KtVdrmMmZH
26,Thanks @BrookWoolf for the Retweet üíö did you listen to this episode of the Dear Rita podcast where I talk to Brith‚Ä¶ https://t.co/ImmVHBGBSk
27,#frustration & #worry come from #desire ~ Buddha https://t.co/KtVdrmMmZH
28,"I‚Äôm just trying to go to sleep!
#worry less"
29,Focus on valuing others and feel your #self-esteem grow #parenting #worry  #anxiety #themoodcards via @moodcards https://t.co/9hZca4EeJK
30,DON‚ÄôT #WORRY ‚Äì GIVE GOD YOUR #STRESS! SEE WHY BY CLICKING HERE FOR MY POST: https://t.co/V3Etkk8gn7 #bless‚Ä¶ https://t.co/tRK6K2Fq5O
31,Do you now that worry is a waste of time? read my personal story in my blog post https://t.co/8Il9Ygmr6Q #worry #fear #wasteoftime #selflove
32, @ishan_snow: ' #Worry ' is a misuse of your imagination !!
33,Does Threat of #ClimateChange Affect #MentalHealth https://t.co/mrUbzUKuxD #news #stress #worry #future
34,Do not #worry it is all #good! https://t.co/IzofdrdmjW  #Follow #Jesus #JesusSaves https://t.co/bo4rd7tFTd
35,‚ÄúSticky Thinking Week‚Äù at Cashmere Ave. #whatifsvsWhatis #worry #anxiety #sizeoftheproblem #stickyslimefingers‚Ä¶ https://t.co/a8TEZCNuwj
36, @ishan_snow: ' #Worry ' is a misuse of your imagination !!
37, @ishan_snow: ' #Worry ' is a misuse of your imagination !!
38, @ishan_snow: ' #Worry ' is a misuse of your imagination !!
39,' #Worry ' is a misuse of your imagination !!
40,Worry Less Now: The Three P's of Anxiety | Psychology Today https://t.co/Vj2LZHHPMY  #anxiety #mentalhealth‚Ä¶ https://t.co/um10hVlbTD
41,DON‚ÄôT #WORRY ‚Äì GIVE GOD YOUR #STRESS! SEE WHY BY CLICKING HERE FOR MY POST: https://t.co/V3EtkkpRLH #blessed‚Ä¶ https://t.co/68idX0UvcO
42,"Jin Shin Jyutsu¬Æ Self Help:
The Art of Getting to Know and Help Myself
Complimentary Workshop:‚Ä¶ https://t.co/ELm2iPsyvT"
43, @RonKardashian: Don‚Äôt #worry. Stop that thought and replace it with saying: ‚ÄúNothing-absoutley Nothing is impossible for them that #beli‚Ä¶
44,"Beach Boys
""Don't Worry Baby""
1964
https://t.co/Rm6Gl066kK

#Rogerradio #playtowin #songoftheday #quoteoftheday‚Ä¶ https://t.co/nii0XvJaGh"
45,Don‚Äôt #worry. Stop that thought and replace it with saying: ‚ÄúNothing-absoutley Nothing is impossible for them that‚Ä¶ https://t.co/ll7i1aWuRF
46,"Isn‚Äôt it time you start to let go of your fears and insecurities run your life?

Your fears and worries can not liv‚Ä¶ https://t.co/d2bCPQudh3"
47,LIVE: Matthew 6:27-29 on #spreaker #bible #god #jesus #life #worry https://t.co/tL9Au5lIW2
48," @dlhampton: Change how you think. Change how you feel. https://t.co/wCEx9BQnuN
#thoughts #mind #depression #anxiety #worry https://t.co/‚Ä¶"
49,"BOB MARLEY THREE LITTLE BIRDS https://t.co/vjvUsn4LTa via @YouTube
Just heard this one on the radio. Don‚Äôt #worry bout a thing!"
50,Can‚Äôt sleep #insomnia #worry #allnighter #tired https://t.co/rwZ5e1xj7j
51, @owenfitzp: What is the difference between #worry and #rumination? Find out in my new blog post to help you handle rumination. https://t‚Ä¶
52,@realDonaldTrump The concept of global warming was created by and for the Penguins in order to make U.S. manufactur‚Ä¶ https://t.co/i1bVHPQmDJ
53,"Worrying doesn't take away tomorrow's trouble it takes away today's peace.

#etlos #tumblr #facebook #entrepreneur‚Ä¶ https://t.co/kzu9DH5CUc"
54, @owenfitzp: What is the difference between #worry and #rumination? Find out in my new blog post to help you handle rumination. https://t‚Ä¶
55,What is the difference between #worry and #rumination? Find out in my new blog post to help you handle rumination.‚Ä¶ https://t.co/CuQyvxkANK
56," @Ranal55: Embrace your passion and watch your worries scatter.

#quote  #worry  #passion https://t.co/yASLTKMmdV"
57, @grajhans: #Sorrow looks back #worry looks around But #faith looks up! Live simply Love generously Care deeply Speak kindly and #t‚Ä¶
58,"The instant cure for worry
https://t.co/3ECxzXte65 #worry #mindset #fear #action #motivation #inspirational #inspiration"
59,#Sorrow looks back #worry looks around But #faith looks up! Live simply Love generously Care deeply Speak kind‚Ä¶ https://t.co/GEIMBxLBUF
60,"#Worry means
Writing a
#Negative #LifeScript&
Watching #MindMovie 
#Repeatedly
on‚Ä¶ https://t.co/s1JvlXJNp7"
61,"#Worry means
Writing a
#Negative #LifeScript&
Watching #MindMovie 
#Repeatedly
on #MindTV

Creates
#FearOfFuture
As‚Ä¶ https://t.co/ESpWwBgqXB"
62,#Worry is a complete cycle of inefficient thought revolving about a pivot of #fear.
63,#Worry never robs tomorrow of its sorrow it only saps today of its joy.
64,We experience moments absolutely free from #worry. These brief respites are called #panic.
65,‚ÄúWorrying won‚Äôt stop the bad stuff from happening. It just stops you from enjoying the good.‚Äù:) #FridayFeeling #good #bad #worry
66, @IamSaimaBaloch: Don't #worry about #people that are in your #past there's a reason why they didn't make it to your #future #ALLAH know‚Ä¶
67,Don't #worry about #people that are in your #past there's a reason why they didn't make it to your #future #ALLAH‚Ä¶ https://t.co/fgHXf7V7wT
68,FEATURED ITEM - #Inspirational #Worry #Stones #Crystal #Healing #Truth #Apathy #Channeling #Love‚Ä¶ https://t.co/ld7J5HZFf0
69,.#stress & #anxiety r based on #worry of future events that have not yet happened https://t.co/2b4x1617Jt #heal #cope #LOA #prophecy #Shift
70,5 Free Apps and Websites That'll Help You Relax https://t.co/UqbRiwySFX #apps #tech #relax #stress #anxiety #worry‚Ä¶ https://t.co/7EZkJ8keet
71," @dlhampton: Change how you think. Change how you feel. https://t.co/wCEx9BQnuN
#thoughts #mind #depression #anxiety #worry https://t.co/‚Ä¶"
72,Don't #worry if you are #enduring the #darkest #moments of your #life because just like the #stars the #darker it‚Ä¶ https://t.co/NkEie6Stof
73, @dlhampton: What Depression Looks Like In Your Brain https://t.co/IkTGq2dYvW #depression #brain #anxiety #mentalhealth #worry https://t.‚Ä¶
74,Does your child's #anger or #worry feel like a tsunami? Here's help! https://t.co/ywEeBgMRBn https://t.co/927Z7UKIYa
75, @SayNoToAnxiety: #Worry #doubt #fear and #despair are the enemies which slowly bring us down to the ground and turn us to dust before‚Ä¶
76,#Worry #doubt #fear and #despair are the enemies which slowly bring us down to the ground and turn us to dust before we die.
77,Stop Feeling Anxiety & Worry. This is how: https://t.co/ZgJH9uk88q #anxiety #anxious #worry #healing #growth https://t.co/TA0b2Npbbh
78,"‚ÄúWhen you cannot sleep through #worry you should get up make #wudu & pray #Tahajjud. #Allah is waiting to hear you.‚Äù
#JummaMubarak ‚ù§"
79,A Simple But Powerful Way to Kick The #Worry #Habit https://t.co/4Z5tF0Aphs
80,May the rain wash away your worries #worry #quote #peace via @themoodcards https://t.co/olHlM3kNbs
81,Why transitional times bring worry https://t.co/yHw8mKjA4r #worry
82,"I uploaded a new episode ""The word ""again"" and how much faith we have"" on #spreaker #faith #god #life #love #neo‚Ä¶ https://t.co/XduhbT0zoJ"
83,@DepressionArmy Troubles aren't permanent like tattoos #depression #worry #anxiety #shame via @moodcards https://t.co/decwbMKLZY
84,It seem that #BokoHaram are now a very big player in the Nigeria politics. Ahead of 2015 election they kidnapped o‚Ä¶ https://t.co/WJUGFAu58I
85,On the blog https://t.co/Bt94Ylud1T #castmember #castmember #cm #disneyworld #introvert #medication #pills #triggerwarning #tw #wdw #worry
86,@darrenrawlings I quite often find it best on Twitter not to #worry too much about the #STATS.  Be you try to be f‚Ä¶ https://t.co/iAc93CAqd6
87," @evil_gnome: don't #worry earthlings
i'm not real...
- OR AM I???"
88,"don't #worry earthlings
i'm not real...
- OR AM I???"
89, @drudgeheadlines: HALF of #parents #worry child #addicted to phones... https://t.co/cuf8Y5UawW
90,HALF of #parents #worry child #addicted to phones... https://t.co/zGztuLZBLE
91,HALF of #parents #worry child #addicted to phones... https://t.co/Jjai4mOhaP
92,HALF of #parents #worry child #addicted to phones... https://t.co/cuf8Y5UawW
93,Most things I #worry about never happen anyway. #TomPetty #quotes #inspiration #ThursdayThoughts #motivation‚Ä¶ https://t.co/fPDvNJcORt
94,Hurry creates worry creates stress creates heart disease creates dysfunction creates brokenness. Learning to tarry.‚Ä¶ https://t.co/BrNoo2gLvy
95,worry wears us all out - God promises to take care of our every need today all He asks is that we trust Him #trust‚Ä¶ https://t.co/FqAKCwXTrD
96,"Unemployment Is A Source Of Stress ‚Äì This is What You Should Do
https://t.co/dGNWAc7cBm
#stress #unemployment‚Ä¶ https://t.co/p6eZfZqza1"
97,Study: #CompanionAnimals provide #emotional #comfort; alleviate #worry #loneliness & #isolation; increase physical‚Ä¶ https://t.co/Dwi8CgN6aW
98,I love being busy even if I am busy doing nothing.#livelife #worry #stress https://t.co/8jwDiAXHiD https://t.co/wd7v2Uxa3w
99,Do not #worry it is all #good! https://t.co/IzofdqVKVm  #Follow #Jesus #JesusSaves https://t.co/bo4rd7tFTd
100,"""Best book I've ever read on depression. Practical to the point."" Greg https://t.co/qXys9huxne 

#selfhelp‚Ä¶ https://t.co/IvFGfqpV4R"
101,May the rain wash away your worries #worry #quote #peace via @themoodcards @AltWaysToHeal! https://t.co/4YWeXP1D1B
102, @anxietycoacheft: Do you #suffer #PanicAttacks? Chronic #Worry and #Stress? I offer #Anxiety and #SelfEsteem Coaching in Leeds and Onlin‚Ä¶
103,"#Worry is never at all #necessary

#Carry on your duty with no #hurry

#Bury your fear and feel never #sorry‚Ä¶ https://t.co/qfsO95JuiR"
104,This helpful cartoon infographic may help your child better understand #anxiety and #worry ‚Äîand what they can do ab‚Ä¶ https://t.co/4nsDuinIn4
105,The #Bible tells us over 350 times in various ways: don't #worry be anxious or #fear. https://t.co/rKnsg7o0i0 via @DrMBengtson
106,If you constantly #worry about everything you deserve to find #happiness with #EssentialOils. https://t.co/ZSo4jcA9Qs
107,‚ÄúWorry does not empty tomorrow of its sorrow. It empties today of its strength.‚Äù -Corrie Ten Boom #Worry #TrustGod
108,Everyone is #heroafterthewar. Let these #families #grieveinpeace but let‚Äôs also #findasolution to #gunviolence. Th‚Ä¶ https://t.co/AWZ6ofCur2
109,"Why shouldn‚Äôt #worry?
‡™ö‡™ø‡™Ç‡™§‡™æ ‡™∂‡™æ ‡™Æ‡™æ‡™ü‡´á ‡™®‡™æ ‡™ï‡™∞‡™µ‡´Ä? 

A great explanation by #dadaBhagwan 
https://t.co/vjwKv9FdK9 #hplife"
110,To #Worry is not the #solution for #problems . Saying that one must trust his true #follower .‚Ä¶ https://t.co/C94FvFJXMM
111,"""The Blacker the Panther the more bangin' the beats."" üì∏ by @alantephotography for @bamboobeatsdj #championsound‚Ä¶ https://t.co/ThJ9AH5N2O"
112,‚ÄúTake one day at a time. Today after all is the tomorrow you worried about yesterday.‚Äù -Billy Graham #quote‚Ä¶ https://t.co/5ivVu9PaM8
113,If you constantly #worry about everything you deserve to find #happiness with #EssentialOils. https://t.co/VJiEUPIuVC
114,Fed up with your #accountant? Switching has never been easier. We offer a #FREE switching #service so you need not‚Ä¶ https://t.co/PDc5w84fuB
115,LIVE: Matthew 6:26 on #spreaker #bible #birds #jesus #provision #worry https://t.co/9F9vul6WMm
116," @Ranal55: Embrace your passion and watch your worries scatter.

#quote  #worry  #passion https://t.co/yASLTKMmdV"
117,Study: #CompanionAnimals provide #emotional #comfort; alleviate #worry #loneliness & #isolation; increase physical‚Ä¶ https://t.co/eNHPVSK29L
118,Woke up with a weird feeling i don‚Äôt like feeling like this...#worry
119,#Worry can sap our strength + make it difficult to cope especially when times are tough. Learn to manage #anxiety:‚Ä¶ https://t.co/ROzTZ1AOht
120," @Ranal55: Embrace your passion and watch your worries scatter.

#quote  #worry  #passion https://t.co/yASLTKMmdV"
121,FREE Phone or Skype Consultation- see how I can help you! kirstymarieelliott@hotmail.co.uk #anxiety #stress #worry‚Ä¶ https://t.co/xHIfgRH0XU
122,"Stay carefree right in the middle of the rain
Dont lose your joy

Dance laugh and play like that stuff aint real
B‚Ä¶ https://t.co/D0iXzsEjE1"
123,#worry too much. Hate not to knowing what‚Äôs wrong or what‚Äôs that.
124,"Anonymous: ‚ÄúNo president has ever received such bad treatment as Donald Trump.‚Äù 
Me: ‚ÄúI don‚Äôt know Lincoln and JFK‚Ä¶ https://t.co/dMszuFHRea"
125,Worrying doesn't take away tomorrow's troubles it takes away today's peace. #life #worry #peace https://t.co/RNnhRXk4L6
126,Morning all | #quoteoftheday #worry #interest #trouble https://t.co/aQeeSQ4M0R
127,chill out relax and let go of #stress #anxiety and #worry #JoyTrain via @moodcards https://t.co/u2RqPqucWU
128,Do you #suffer #PanicAttacks? Chronic #Worry and #Stress? I offer #Anxiety and #SelfEsteem Coaching in Leeds and On‚Ä¶ https://t.co/ozm5c4lQdi
129," @Ranal55: Embrace your passion and watch your worries scatter.

#quote  #worry  #passion https://t.co/yASLTKMmdV"
130," @Ranal55: Embrace your passion and watch your worries scatter.

#quote  #worry  #passion https://t.co/yASLTKMmdV"
131,"When #Feelings Overwhelm: How to Help a Child
https://t.co/ZR8ZaFJIQi #worry #anxiety #sadness https://t.co/dGLkN1s8x4"
132," @Ranal55: Embrace your passion and watch your worries scatter.

#quote  #worry  #passion https://t.co/yASLTKMmdV"
133,#‚ÄúDon‚Äôt #worry #honey #I‚Äôll #only #get #Batman #Hotwheels...‚Äù https://t.co/ufLhjXtUJV  #shitgotdeep#batman https://t.co/nBU7A3VOnm
134,@Saviano1993 @Vilijam97 @Emanuel82816517 #GrowUp #Worry about yourself and not others pendejosüôÑ https://t.co/IhrmVqu6qA
135," @Ranal55: Embrace your passion and watch your worries scatter.

#quote  #worry  #passion https://t.co/yASLTKMmdV"
136," @Ranal55: Embrace your passion and watch your worries scatter.

#quote  #worry  #passion https://t.co/yASLTKMmdV"
137," @Ranal55: Embrace your passion and watch your worries scatter.

#quote  #worry  #passion https://t.co/yASLTKMmdV"
138,üôèüèΩ In a constant state of #worry for the #safety of my child. üòï https://t.co/Jq6TYWEdH8
139," @Ranal55: Embrace your passion and watch your worries scatter.

#quote  #worry  #passion https://t.co/yASLTKMmdV"
140," @Ranal55: Embrace your passion and watch your worries scatter.

#quote  #worry  #passion https://t.co/yASLTKMmdV"
141,.#stress & #anxiety r based on #worry of future events that have not yet happened https://t.co/5DoOixSkou #heal #cope #LOA #prophecy #Shift
142," @Ranal55: Embrace your passion and watch your worries scatter.

#quote  #worry  #passion https://t.co/yASLTKMmdV"
143," @Ranal55: Embrace your passion and watch your worries scatter.

#quote  #worry  #passion https://t.co/yASLTKMmdV"
144,Now onair #RoganRetract - #Worry on https://t.co/FdwdW1yYhu
145," @Ranal55: Embrace your passion and watch your worries scatter.

#quote  #worry  #passion https://t.co/yASLTKMmdV"
146,"The instant cure for worry
https://t.co/HSjqSyB1H1 #worry #mindset #fear #action #motivation #inspirational #inspiration"
147," @Ranal55: Embrace your passion and watch your worries scatter.

#quote  #worry  #passion https://t.co/yASLTKMmdV"
148," @Ranal55: Embrace your passion and watch your worries scatter.

#quote  #worry  #passion https://t.co/yASLTKMmdV"
149," @Ranal55: Embrace your passion and watch your worries scatter.

#quote  #worry  #passion https://t.co/yASLTKMmdV"
150,"10 days until march?
That... Means the busy days will start And the 1 year and 6 months are going to count down.‚Ä¶ https://t.co/2guyjylAKm"
151," @Ranal55: Embrace your passion and watch your worries scatter.

#quote  #worry  #passion https://t.co/yASLTKMmdV"
152," @Ranal55: Embrace your passion and watch your worries scatter.

#quote  #worry  #passion https://t.co/yASLTKMmdV"
153," @Ranal55: Embrace your passion and watch your worries scatter.

#quote  #worry  #passion https://t.co/yASLTKMmdV"
154," @Ranal55: Embrace your passion and watch your worries scatter.

#quote  #worry  #passion https://t.co/yASLTKMmdV"
155," @Ranal55: Embrace your passion and watch your worries scatter.

#quote  #worry  #passion https://t.co/yASLTKMmdV"
156," @Ranal55: Embrace your passion and watch your worries scatter.

#quote  #worry  #passion https://t.co/yASLTKMmdV"
157," @Ranal55: Embrace your passion and watch your worries scatter.

#quote  #worry  #passion https://t.co/yASLTKMmdV"
158," @Ranal55: Embrace your passion and watch your worries scatter.

#quote  #worry  #passion https://t.co/yASLTKMmdV"
159," @Ranal55: Embrace your passion and watch your worries scatter.

#quote  #worry  #passion https://t.co/yASLTKMmdV"
160," @Ranal55: Embrace your passion and watch your worries scatter.

#quote  #worry  #passion https://t.co/yASLTKMmdV"
161,"Embrace your passion and watch your worries scatter.

#quote  #worry  #passion https://t.co/yASLTKMmdV"
162,This dude's one of my #Fave #HipHop and #Rap artists of today! Check out #SwingLove and his song #Worry! https://t.co/nLWcAKzS82  R!!
163,This dude's one of my #Fave #HipHop and #Rap artists of today! Check out #SwingLove and his song #Worry! https://t.co/nLWcAKzS82
164,"#faith #belief whatever you call it you need it.  Don't live with #worry and #doubt
https://t.co/MaVmLaFsOk"
165,"#authorbhairavisharma #bhairavisharma #worry #angry #love #hurt #yqbaba #yqbabaquotes  

Follow‚Ä¶ https://t.co/a3LS9Co2TF"
166,#worry is always #wrong for it paralyzes active #faith in your life... #itcanonlygetbetter
167,Child Psychologist's great review for Little Worm A Story About Worry.  https://t.co/oIL6TI92VM #worry #anxiety‚Ä¶ https://t.co/cU7yjR3rZV
168,Will you get caught up in #worry ? #motivation #entrepreneur #leadershiptip #business #RBA https://t.co/fp3JYDKb5I
169,I was taught how to worry.  Read More At:  https://t.co/YnwjKESj31  #worry https://t.co/zlSkcH4bFe
170,Do not #worry it is all #good! https://t.co/IzofdrdmjW  #Follow #Jesus #JesusSaves https://t.co/bo4rd7tFTd
171,"‚ÄúTake one day at a time. Today after all is the tomorrow you worried about yesterday.‚Äù -Billy Graham 

#WednesdayWisdom #worry"
172,"Activities that help when #kids #worry
https://t.co/yfgfdcCJCe #anxiety #stress"
173,@MarjiLaine #Worry has no place in the believer's heart - Perfect LOVE casts out fear! #NoFear¬† https://t.co/6phsx8AVrf
174,"An #undisciplined #mind can lead 2 #anxiousness #worry & #fear 
Do u want 2 know how 2 have a #disciplined #mind &‚Ä¶ https://t.co/VRPtjQiT3J"
175,Not Gonna #Worry Wednesday Tip 199: Prioritize a 3 Item To Do List #NotGonnaWorry
176,@RespectYourself Troubles aren't permanent like tattoos #depression #worry #anxiety #shame via @moodcards https://t.co/QqkyT17kAX
177,"Worrying about the future doesn't change anything about this moment.

#PeaceOfMind #mindfullness #anxietyproblems‚Ä¶ https://t.co/8B9WSXWMSG"
178,Want to discover a quick and easy way to banish unnecessary #worry? Check this out. https://t.co/MfgHLHK9UJ https://t.co/vuAHtYhdZr
179,Want to discover a quick and easy way to banish unnecessary #worry? Check this out. https://t.co/MfgHLHK9UJ https://t.co/QFqN9rUazj
180,Want to discover a quick and easy way to banish unnecessary #worry? Check this out. https://t.co/MfgHLHK9UJ https://t.co/6bsda6dAf1
181,Want to discover a quick and easy way to banish unnecessary #worry? Check this out. https://t.co/MfgHLHK9UJ https://t.co/wvZwaLdD6p
182,Want to discover a quick and easy way to banish unnecessary #worry? Check this out. https://t.co/MfgHLHK9UJ https://t.co/xgq5yzYDsA
183,Want to discover a quick and easy way to banish unnecessary #worry? Check this out. https://t.co/MfgHLHK9UJ https://t.co/13pGShf61w
184,Turn Your worry into Worship and watch God turn Your battles into blessings. #watch #God #worry #worship #battles #blessings #amen
185,"Don't #worry.  This #lecture takes place 6 p.m. TODAY @UCRPalmDesert:
https://t.co/g6Qbjo47Gn"
186,If you don‚Äôt listen to #worry by @GraceVonderkuhn you‚Äôre seriously messing up. #listenlocal #indiemusic
187,If you change your thoughts and choose to not #worry then your fears will disappear
188,Today Jesus transitions from telling us who to serve to worry. If we worry to much we become easy targets for the e‚Ä¶ https://t.co/QHD48uqinP
189,LIVE: Matthew 6:25 on #spreaker #drink #eat #jesus #value #worry https://t.co/BCtjNAhoDX
190,WEDNESDAY WISDOM: Why Do You Worry About People Who Don't Care About You? Focus On Being The Best You! #powerofyes‚Ä¶ https://t.co/wwhkP1l0t4
191,Dump your fears and marry your dreams #fear #anxiety #worry #themoodcards via @moodcards https://t.co/9Y2jsPDFOG
192,Meditate to Reduce Worry https://t.co/EOUUNAW2ZF via @po_st #worry #anxiety #meditation
193,@LeedsNews You #worry that the buses will be on #time especially when there are #Roadworks and you need to get to‚Ä¶ https://t.co/mx2BOrMHFz
194,@MarcusInStroud As you've got my back on that score i need not #worry!
195,The roots of worry always share the same soil with the roots of your devotion. #worry #anxiety
196, @msariaferreira: Please don't #Worry! The future is not here yet & yesterday is in the past‚ù£Ô∏è https://t.co/BAjiQ1yYJR
197,Please don't #Worry! The future is not here yet & yesterday is in the past‚ù£Ô∏è https://t.co/BAjiQ1yYJR
198,#Worry is interest paid on trouble before it comes due.
199,Our worry is an insult to God's strength and intelligence. ~KFaith (Matthew 7:7) #god #holybible #matthew #strength‚Ä¶ https://t.co/NsKteLXwht
200, @RockChristopher: #Worry gives a small thing a big shadow. ~ Swedish #Proverb  rt @DrJeffersnBoggs
201,"Check out my latest video on ending anxiety/panic! ‚ù§Ô∏è‚úåüèªüß†

https://t.co/EG4Pgp8evd #Anxiety #Panic #PanicAttack‚Ä¶ https://t.co/SWHWx3lRPD"
202, @RockChristopher: #Worry gives a small thing a big shadow. ~ Swedish #Proverb  rt @DrJeffersnBoggs
203,#Worry ends where #Faith in #God Begins #believe #Christ
204,"#Worry-lessWednesday
Transition from School to Holidays - https://t.co/74wPQEl5Wr https://t.co/SWDYjn2rZF"
205, @RockChristopher: #Worry gives a small thing a big shadow. ~ Swedish #Proverb  rt @DrJeffersnBoggs
206, @drawnwindow: You do not have to worry he did not move while I drew it #worry #◊¶◊ô◊ï◊® #Move #drawing #artistsontwitter #ArtLovers #illust‚Ä¶
207,So true! Happy hump day everyone #worry #anxiety #joy #happiness https://t.co/n1q0XB1TUv
208,#Worry gives a small thing a big shadow. ~ Swedish #Proverb  rt @DrJeffersnBoggs
209,Don't #Worry No matter what Happens or what is NOT happening God's Gotcha....Things will get better keep praying‚Ä¶ https://t.co/z156bldts0
210,Everything you need will come to you at the perfect time - so let go of  #worry #anxiety via @moodcards https://t.co/5YuykpeYU5
211," @vikramwkarve: #Health #Worry
How to stop worrying
https://t.co/cVQePnyFjJ

@sharma_jyo @vinnykhullar @amansi24 @db_is_db @Krazy_Butterf‚Ä¶"
212,Therefore do not #worry about tomorrow for #Tomorrow will worry about itself. Each day has enough t‚Ä¶‚Ä¶ https://t.co/htQBnodNcC
213," @vikramwkarve: #Health #Worry
How to stop worrying
https://t.co/cVQePnyFjJ

@sharma_jyo @vinnykhullar @amansi24 @db_is_db @Krazy_Butterf‚Ä¶"
214,#Worries are #pointless. If there's a solution there's no need to worry. If no solution exists there's no point to #worry.
215, @dlhampton: How To Turn Down Your Brain‚Äôs Fear Alarm https://t.co/9bQMQReefJ  #fear #anxiety #worry #stress #mentalhealth #brain #Tuesda‚Ä¶
216,#TuesdayThoughts #Hike more #worry less ‚ù§ https://t.co/RLkUBHZSEo
217,Wipe Away #Worry With #Positive #Affirmations - https://t.co/nksF36W5H7 - #Fitness4Her
218," @vikramwkarve: #Health #Worry
How to stop worrying
https://t.co/cVQePnyFjJ

@sharma_jyo @vinnykhullar @amansi24 @db_is_db @Krazy_Butterf‚Ä¶"
219, @CoachBrettBlair: Worrying is Like a Rocking Chair https://t.co/K2QKbKeO4q #Worry #Growth #Success https://t.co/Eo3krf1yuK
220,Worrying is Like a Rocking Chair https://t.co/K2QKbKeO4q #Worry #Growth #Success https://t.co/Eo3krf1yuK
221,‚ÄúDon‚Äôt #worry about the #wicked or #envy those who do wrong. For‚Ä¶ https://t.co/0lSLZP5csA
222,I‚Äôm excited to be involved in this important research #contamination #planetaryhealth #worry https://t.co/F2xHnsi4Iy
223,This dude's one of my #Fave #HipHop and #Rap artists of today! Check out #SwingLove and his song #Worry! https://t.co/nLWcAKzS82  !!
224,I love being busy even if I am busy doing nothing.#livelife #worry #stress https://t.co/8jwDiAXHiD https://t.co/ZJ15BFVMtQ
225,This dude's one of my #Fave #HipHop and #Rap artists of today! Check out #SwingLove and his song #Worry! https://t.co/nLWcAKzS82  
226,This dude's one of my #Fave #HipHop and #Rap artists of today! Check out #SwingLove and his song #Worry! https://t.co/nLWcAKzS82 
227,This dude's one of my #Fave #HipHop and #Rap artists of today! Check out #SwingLove and his song #Worry! https://t.co/nLWcAKzS82
228,Focus on valuing others and feel your #self-esteem grow #parenting #worry  #anxiety #themoodcards via @moodcards https://t.co/A9wKBKn76i
229,NCIS #Pauley #Perrette #Dwelling in #Worry #After #Alleged #Attacker Is Launched: Pauley Perrette is petrified of h‚Ä¶ https://t.co/3A95IFaxsH
230,Changing These 4 Beliefs Will Make You Surprisingly Happy - @bakadesuyo on why a focus on #perfection #worry and‚Ä¶ https://t.co/Uxk3t0GjPM
231,When you constantly #worry about the future you cannot possibly enjoy your #NOW  #fear #depression #anxiety #growth https://t.co/gv2xkY166u
232,#Worry won't change the future or solve your problems. Taking action will
233, @StayYoungMedia: Chronic diseases linked to #worry #stress and lack of #motivation! https://t.co/2RJZ808rWd #health #wellness
234,@labourpress @jeremycorbyn There will be a huge financial exodus right into the hands of Frankfurt NY Paris & Ams‚Ä¶ https://t.co/sIHJBXRnM7
235,You don't need to worry about that. My personal challenge of eliminating #stress and #worry from my vocabulary: https://t.co/lVzkoucLrz
236,#childlife and #psychology go together @BoomerangHealth #CoolKids #Anxiety program - 8 week #supports for #kids and‚Ä¶ https://t.co/O5qVG3PEIE
237,Don't #Worry No matter what Happens or what is NOT happening God's Gotcha....Things will get better keep praying‚Ä¶ https://t.co/AXk2cJXMvK
238, @StayYoungMedia: Chronic diseases linked to #worry #stress and lack of #motivation! https://t.co/2RJZ808rWd #health #wellness
239, @StayYoungMedia: Chronic diseases linked to #worry #stress and lack of #motivation! https://t.co/2RJZ808rWd #health #wellness
240,Changing These 4 Beliefs Will Make You Surprisingly Happy - @bakadesuyo on why a focus on #perfection #worry and‚Ä¶ https://t.co/1Jk5RKvi6a
241,More #confidence you have in your ability to find #solutions the less you will #worry the more you will #achieve. https://t.co/Cy2PJX25mF
242, @StayYoungMedia: Chronic diseases linked to #worry #stress and lack of #motivation! https://t.co/2RJZ808rWd #health #wellness
243,If you change your thoughts and choose to not #worry then your fears will disappear. üåÅ Tell us: How do you practic‚Ä¶ https://t.co/YTX0XoT3vD
244,"#Worry-lessWednesday
While it can be tempting to avoid upsetting kids it‚Äôs important to get them to talk about the‚Ä¶ https://t.co/OfQgIizPxI"
245,"#Health #Worry
How to stop worrying
https://t.co/cVQePnyFjJ

@sharma_jyo @vinnykhullar @amansi24 @db_is_db... https://t.co/jIr02sG4BV"
246,"#Health #Worry
How to stop worrying
https://t.co/cVQePnyFjJ

@sharma_jyo @vinnykhullar @amansi24 @db_is_db‚Ä¶ https://t.co/nwZwh4Bmmn"
247,Mind Hacks to deal better with #anxiety and #worry.  https://t.co/CByPh6zp6G https://t.co/cjNB5ZjIqA
248,#Anorexia: 'I needed #therapy not just a food plan' - #mentalhealth #depression #anxiety #counselling #worry‚Ä¶ https://t.co/mrfM0RJlm1
249,'I could've recovered from #anorexia sooner' - #mentalhealth #depression #anxiety #counselling #worry #thoughts‚Ä¶ https://t.co/ptUXszXGfw
250,What makes us #happy? - #mentalhealth #depression #anxiety #counselling #worry #thoughts #feelings  https://t.co/TSLpkVsMa1
251, @StayYoungMedia: Chronic diseases linked to #worry #stress and lack of #motivation! https://t.co/2RJZ808rWd #health #wellness
252,Is #loneliness affecting your health? - #mentalhealth #depression #anxiety #counselling #worry  https://t.co/DJTln1ztHZ
253,#WorldHacks: ‚ÄòHow improv helped me beat #anxiety‚Äô - #mentalhealth #anxiety #worry #depression  https://t.co/GbQwwn5DKl
254,Do not #worry it is all #good! https://t.co/IzofdrdmjW  #Follow #Jesus #JesusSaves https://t.co/bo4rd7tFTd
255,Don't #Worry No matter what Happens or what is NOT happening God's Gotcha....Things will get better keep praying‚Ä¶ https://t.co/Ye0TqSljeH
256,Chronic diseases linked to #worry #stress and lack of #motivation! https://t.co/2RJZ808rWd #health #wellness
257,"NOW AVAILABLE!! 
SoundCloud Search: TN Victory Church 
iTunes Search: Pastor Troy Powell
______
#tnvictory‚Ä¶ https://t.co/TDlomsbbi9"
258,Anxiety and panic are rooted in trying to control the future out of fear. #anxiety #panic #worry‚Ä¶ https://t.co/D7EELl6jx0
259,"@HealingMB Yesssss! #worry So distracting & unnecessary! Thank youüëà
‚úå"
260,Let's keep #worry in its place. Follow The Map to Whole Peace  https://t.co/ISawhQ9Vsc #healingjourney
261,#Worry. It uses precious energy & masks your soul's wisdom. https://t.co/cqsKi2Cq0i
262,Whatever the enemy has meant 4 ur harm don't #worry God will cause #good 2 come from it! BELEIVE THAT!
263," @mylifenbalance: ""Worry does not empty tomorrow of sorrow...""

@mylifenbalance  #wellness #health #worry #quote https://t.co/rMYR04bRD7"
264, @BishopManjoro: Worry or stress will do you no good. It will not change anything. #Acceleration #BishopManjoro #Worry #Stress https://t.‚Ä¶
265,@RespectYourself Troubles aren't permanent like tattoos #depression #worry #anxiety #shame via @moodcards https://t.co/t9pIdHVnvc
266,"""There is nothing like a mother's heart.  Always worrying that there is something that she has missed that she shou‚Ä¶ https://t.co/OloSucUhaJ"
267,"""There is nothing like a mother's heart.  Always worrying that there is something that she has missed that she shou‚Ä¶ https://t.co/7dP4HHdThK"
268, @solihull_radio: Joining me in the studio tonight will be Jennie Spain. Topics include dealing with #worry #perfectionism and using a me‚Ä¶
269,"don't #worry earthlings
i'm not real..
- OR AM I??"
270,You do not have to worry he did not move while I drew it #worry #◊¶◊ô◊ï◊® #Move #drawing #artistsontwitter #ArtLovers‚Ä¶ https://t.co/TIvyXMdDrd
271,Worry and anxiety won't help you accomplish a thing today! But the direction and submission to Jesus can. Philippia‚Ä¶ https://t.co/yXrFusYuBN
272,"Join our Chasity O‚ÄôConnell for an open session on #FOMO (Fear Of Missing Out)
Please feel welcome to join as it is‚Ä¶ https://t.co/EkyqLWrM3d"
273,"The instant cure for worry
https://t.co/3ECxzXte65 #worry #mindset #fear #action #motivation #inspirational #inspiration"
274,"The Good Person You Know Is In Your Head 

The Wicked Person You Know Is In Your Head 
#Worry Dem"
275,Going to sleep single and nothing to worry about be like... #single #anxiety #worry https://t.co/zsa9pyiWHj
276,"NEW VIDEO! 
‚ÄúSo don‚Äôt worry about tomorrow for tomorrow will bring its own worries. Today‚Äôs trouble is enough for‚Ä¶ https://t.co/RwRCV7Alr6"
277,Feeling increasing #worry and #panic about physical symptoms many of which are caused by health #anxiety is leavin‚Ä¶ https://t.co/9CGBHL9x4a
278,"""I #never #worry  #life is a #journey . I just wanna #enjoy the #ride ."" üèî‚ù§

PC:‚Ä¶ https://t.co/9JM1J7PTfh"
279,Focus on valuing others and feel your #self-esteem grow #parenting #worry  #anxiety #themoodcards via @moodcards‚Ä¶ https://t.co/OCAYneRyzQ
280,Emotions... #overcomefear #worry  https://t.co/8jwDiAXHiD https://t.co/UPErTPGYUD
281,@RespectYourself Troubles aren't permanent like tattoos #depression #worry #anxiety #shame via @moodcards https://t.co/5METvUYoyt
282,Robert fulghum said: don‚Äôt worry that your #children are not #listening to you ; #worry that they are #Watching you https://t.co/GAwN5YB8Dx
283,"Worrying about tomorrow is pointless
The only grace you have is for today
When you understand this
You'll have free‚Ä¶ https://t.co/2WUZn45UaU"
284,Keep your head up. The toughest #challenges can help us #grow the most. #Worry less. #Appreciate more. If you want‚Ä¶ https://t.co/pT6tmOqVo6
285,@JJMelancholia Must be #employers worldwide as I am getting nowhere & #anxiety & #depression spirals with #worry &‚Ä¶ https://t.co/l3LFZZljtT
286,Hot off the press: A powerful way to stop worrying https://t.co/CKnWB56UTc #happiness #worry https://t.co/bLXd4mvfFm
287, @zukunftsheld: Don't #worry about the #future. Or worry but know that worrying is as effective as solving an algebra equation by chewin‚Ä¶
288," @ohh_laa_laa: üñ§

If you think #God‚Äôs there 
He is. If you don‚Äôt He isn‚Äôt. 
And if that‚Äôs what God‚Äôs like 
I Wouldn‚Äôt #Worry about it‚Ä¶"
289," @ohh_laa_laa: üñ§

If you think #God‚Äôs there 
He is. If you don‚Äôt He isn‚Äôt. 
And if that‚Äôs what God‚Äôs like 
I Wouldn‚Äôt #Worry about it‚Ä¶"
290,"to engage in reflection

Try the 5 min music based meditation in the bio @familiarembrace 
#meditate #meditation‚Ä¶ https://t.co/fN4Uy8FF3M"
291,Stop worrying! God is always encouraging. Trust Him! #worry #trust #encourage
292,Thinking about going back to work after a 3 day weekend is giving me serious anxiety. I feel a panic attack coming‚Ä¶ https://t.co/MMuAqlV44p
293,Fear is a bluff but you can only see that if you embrace your fear & step right through it. ‚ù§Ô∏è‚úåüèª #Fear #Anxiety‚Ä¶ https://t.co/0RG7ugDv1F
294,Something we could all benefit from but especially lovely for #kids who #worry or have #anxietyproblems. https://t.co/hnyqfiTeur
295," @Ranal55: My apprehension is no match for God‚Äôs love encouragement and power.

#quote  #GodsLove  #Worry https://t.co/OmHfjpuJVa"
296,"""I felt like Debbie was a friend giving me tools to move out of the fog"" Lili https://t.co/8SVOidWZE2 

#depression‚Ä¶ https://t.co/bOIhvEuZbX"
297,May the rain wash away your worries #worry #quote #peace via @themoodcards #freeSPIRIT https://t.co/UdOo6dagk1
298,"At the end of the day worry never did anyone any good.

#worry"
299," @Ranal55: My apprehension is no match for God‚Äôs love encouragement and power.

#quote  #GodsLove  #Worry https://t.co/OmHfjpuJVa"
300," @Ranal55: My apprehension is no match for God‚Äôs love encouragement and power.

#quote  #GodsLove  #Worry https://t.co/GAua6IRbYG"
301, @StayYoungMedia: Chronic diseases linked to #worry #stress and lack of #motivation? https://t.co/2RJZ808rWd #health #wellness
302,How to WIN OVER WORRY ‚ñ∏https://t.co/2N2KnprhpN | #life #worry #stress #success #s #triumph #courage #choices
303,Do not #worry it is all #good! https://t.co/IzofdrdmjW  #Follow #Jesus #JesusSaves https://t.co/bo4rd7tFTd
304, @MsDianneMary: WHEN YOU UNDERSTAND YOU'RE #LOVED YOU CAN LIVE #WORRY FREE AND WILL NOT BE #AFRAID OF THE #UNKNOWN THIS IS THE #FREEDOM I‚Ä¶
305, @MsDianneMary: WHEN YOU UNDERSTAND YOU'RE #LOVED YOU CAN LIVE #WORRY FREE AND WILL NOT BE #AFRAID OF THE #UNKNOWN THIS IS THE #FREEDOM I‚Ä¶
306,WHEN YOU UNDERSTAND YOU'RE #LOVED YOU CAN LIVE #WORRY FREE AND WILL NOT BE #AFRAID OF THE #UNKNOWN THIS IS THE‚Ä¶ https://t.co/vs36V2rIFJ
307," @MsRoniAnne: #MondayMotivation Don't let #worry steal the #Strength ~ You need #today! 
#Hope #Migraine #chroniclife #spoonie #Fibromyal‚Ä¶"
308,"Don't #worry about #failures worry about the #chances you miss when you don't even #try.

#quote #quotes‚Ä¶ https://t.co/t7VyIHHmr4"
309, @StayYoungMedia: Chronic diseases linked to #worry #stress and lack of #motivation? https://t.co/2RJZ808rWd #health #wellness
310, @HipHopGoldenAge: If you're into #HipHop tracks don't miss out on #SwingLove with his hit song #Worry!¬†https://t.co/4O9X3eV3v2
311,Work childcare transport or anxiety leaving the house stopping you from accessing help for your #mentalhealth?We'‚Ä¶ https://t.co/3MdnkwbbYl
312, @StayYoungMedia: Chronic diseases linked to #worry #stress and lack of #motivation? https://t.co/2RJZ808rWd #health #wellness
313,Fed up with your #accountant? Switching has never been easier. We offer a #FREE switching #service so you need not‚Ä¶ https://t.co/cCosv9VHsT
314, @HipHopGoldenAge: If you're into #HipHop tracks don't miss out on #SwingLove with his hit song #Worry!¬†https://t.co/4O9X3eV3v2
315,"#MondayMotivation Don't let #worry steal the #Strength ~ You need #today! 
#Hope #Migraine #chroniclife #spoonie‚Ä¶ https://t.co/2qPtoHxW8o"
316,If you're into #HipHop tracks don't miss out on #SwingLove with his hit song #Worry!¬†https://t.co/4O9X3eV3v2
317, @StayYoungMedia: Chronic diseases linked to #worry #stress and lack of #motivation? https://t.co/2RJZ808rWd #health #wellness
318,"I have #overcome too many to hurdles to #worry about
a 4 lb weight gain hell it happens.

 I've worked hard for a‚Ä¶ https://t.co/HmjABsjMlp"
319,SurvivalistDiaries: Riding The Fear Train: #Prepper #Mindset [CLICK LINK --&gt;] https://t.co/9WDS1ZAUl3 #Mentalhealth‚Ä¶ https://t.co/G1AEsZuIm9
320, @StayYoungMedia: Chronic diseases linked to #worry #stress and lack of #motivation? https://t.co/2RJZ808rWd #health #wellness
321,Chronic diseases linked to #worry #stress and lack of #motivation? https://t.co/2RJZ808rWd #health #wellness
322,"Join Tina Marie and Abolish Your Inner Saboteur 
Register here: https://t.co/1XrpnH2Zuq
Are you ready to leave behi‚Ä¶ https://t.co/rZqwT6fKw6"
323,Most of the things you worry about never happen. If things do go wrong you'll handle it. You always do. Free yours‚Ä¶ https://t.co/jW75lNsxfj
324,"Stress: is it sabotaging your life? What stress is and how to manage it. 
Click on https://t.co/3NBp6dKdSb ‚Ä¶ to do‚Ä¶ https://t.co/Gv9GpjXvIn"
325,5 ways to reduce a Panic Attack fast! Take it from someone who knows help yourself to feel safe and grounded!‚Ä¶ https://t.co/SzCVtVoazP
326," @Ranal55: My apprehension is no match for God‚Äôs love encouragement and power.

#quote  #GodsLove  #Worry https://t.co/GAua6IRbYG"
327,"‚ÄúSharing worries it will half sharing happiness it will double.‚Äù ‚ú®üåû‚ú®

#Worry #Worries #Happiness #happy #wisdom‚Ä¶ https://t.co/PfPWmOceyo"
328,How to stop feeling anxious click here: https://t.co/YUlvls4WcH #anxiety #anxious #worry #healing #heal #growth https://t.co/1DjcAdwQvn
329,How to stop feeling anxious click here: https://t.co/ZgJH9uk88q #anxiety #anxious #worry #healing #heal #growth https://t.co/UrYpxnt1UL
330," @Ranal55: My apprehension is no match for God‚Äôs love encouragement and power.

#quote  #GodsLove  #Worry https://t.co/GAua6IRbYG"
331," @mylifenbalance: ""Worry does not empty tomorrow of sorrow...""

@mylifenbalance  #wellness #health #worry #quote https://t.co/rMYR04bRD7"
332," @Ranal55: My apprehension is no match for God‚Äôs love encouragement and power.

#quote  #GodsLove  #Worry https://t.co/GAua6IRbYG"
333, @PosBrainwashed: #Worry won't change the future or solve your problems. Taking action will #quoteoftheday
334, @PosBrainwashed: #Worry won't change the future or solve your problems. Taking action will #quoteoftheday
335, @moodcards: Emotions and the body #stress #grief #worry #fear #love #laughter https://t.co/65vbO9bFZ0
336,What are the physical signs and symptoms of anxiety? https://t.co/jnnStG2Jq0 #London #TunbridgeWells #Kent #Sussex #Worry #Anxious
337,"""Worry does not empty tomorrow of sorrow...""

@mylifenbalance  #wellness #health #worry #quote https://t.co/rMYR04bRD7"
338,#Worry won't change the future or solve your problems. Taking action will #quoteoftheday
339," @Ranal55: My apprehension is no match for God‚Äôs love encouragement and power.

#quote  #GodsLove  #Worry https://t.co/GAua6IRbYG"
340,The thing is sh*t happens because it is destined to happen. So stop worrying and don't give a sh*t for sh*t. #Stop‚Ä¶ https://t.co/fkkbLo23wS
341," @Ranal55: My apprehension is no match for God‚Äôs love encouragement and power.

#quote  #GodsLove  #Worry https://t.co/GAua6IRbYG"
342, @moodcards: Emotions and the body #stress #grief #worry #fear #love #laughter https://t.co/65vbO9bFZ0
343,Emotions and the body #stress #grief #worry #fear #love #laughter https://t.co/65vbO9bFZ0
344,Dump your fears and marry your dreams #fear #anxiety #worry #themoodcards via @moodcards https://t.co/vrYqidfpj8
345,@ABMhealth @WalesOnline Sat at Morriston NHS hospital Jill Rowe Ambulatory ward awaiting IVIG treatment but no roo‚Ä¶ https://t.co/56lGkC07Hv
346, @SayNoToAnxiety: #Worry often gives a small thing a big shadow.
347,#Worry often gives a small thing a big shadow.
348,I'm kinda worry since i don't attach my tax letter cuz 2017 tax letter has not released yet and 2016 one has gone üò£ #worry
349," @Ranal55: My apprehension is no match for God‚Äôs love encouragement and power.

#quote  #GodsLove  #Worry https://t.co/GAua6IRbYG"
350,I love being busy even if I am busy doing nothing.#livelife #worry #stress https://t.co/8jwDiAXHiD https://t.co/Oyr6THPngo
351," @Ranal55: My apprehension is no match for God‚Äôs love encouragement and power.

#quote  #GodsLove  #Worry https://t.co/GAua6IRbYG"
352,A hundredload of #worry will not pay an ounce of debt.
353, @MinLeeRice: No one can Stop what the #Lord has Ordain for U but yourself. So don't #Worry about when others who don't Support U -When G‚Ä¶
354,If people #misunderstand you do not #worry‚Ä¶ It is your voice that they hear but what goes through their #mind is‚Ä¶‚Ä¶ https://t.co/0qeSITtRfH
355,The Roots and Causes of #Worry https://t.co/XBLZoHVQ6S
356," @Ranal55: My apprehension is no match for God‚Äôs love encouragement and power.

#quote  #GodsLove  #Worry https://t.co/GAua6IRbYG"
357,A Simple But Powerful Way to Kick The #Worry #Habit https://t.co/4Z5tF0Aphs
358,"The instant cure for worry
https://t.co/HSjqSyB1H1 #worry #mindset #fear #action #motivation #inspirational #inspiration"
359,You are ashamed to admit that you‚Äôre not fine because you #worry about what people may think or say about you not‚Ä¶ https://t.co/yQDSgdLnYE
360,"üòä what I don't do anymore #worry 
https://t.co/opDZnXuDcK https://t.co/5K0SHsVBtH"
361,If you notice worrying thoughts interfering with getting through the day or sleeping at night force a break to the‚Ä¶ https://t.co/0xhLUEKpq1
362,#innerchild #me #atmybest but no 1 understand d real importance of not losing your innocence rather maintaining it‚Ä¶ https://t.co/oH5zMaZHHY
363," @Ranal55: My apprehension is no match for God‚Äôs love encouragement and power.

#quote  #GodsLove  #Worry https://t.co/GAua6IRbYG"
364," @Ranal55: My apprehension is no match for God‚Äôs love encouragement and power.

#quote  #GodsLove  #Worry https://t.co/OmHfjpuJVa"
365,"The instant cure for worry
https://t.co/3ECxzXte65 #worry #mindset #fear #action #motivation #inspirational #inspiration"
366, @ChakraGuide: Eliminate #anxiety and #worry. #Feel #Lighter more #relaxed https://t.co/KVis2hmbNE #activateyourchakras #chakrahealing
367,"Wide awake at 2:30am üò† all I want is to sleep but apparently that‚Äôs too much to ask for 

#hatemybody #insomnia‚Ä¶ https://t.co/XWIrThWz7J"
368,Eliminate #anxiety and #worry. #Feel #Lighter more #relaxed https://t.co/KVis2hmbNE #activateyourchakras #chakrahealing
369, @dlhampton: How To Calm Your Wired-To-Worry Brain https://t.co/VkXqQdbiGB  #anxiety #depression #mentalhealth #worry #stress #nervous #b‚Ä¶
370,#why do #ChronicPain have to #suffer cause #heroine #addicts #Senate #Needs to #worry more about #GunControlNow the‚Ä¶ https://t.co/VRb8Pz9Sbg
371,May the rain wash away your worries #worry #quote #peace via @themoodcards @AltWaysToHeal! https://t.co/qyxiz9OKrb
372,Don‚Äôt argue with what is. If you can‚Äôt change something accept it. If you can change it however by all means do s‚Ä¶ https://t.co/gRFQ4QEeno
373,Does your child's #anger or #worry feel like a tsunami? Here's help! https://t.co/ywEeBgMRBn https://t.co/DSUGwCh47O
374," @Ranal55: My apprehension is no match for God‚Äôs love encouragement and power.

#quote  #GodsLove  #Worry https://t.co/GAua6IRbYG"
375," @Ranal55: My apprehension is no match for God‚Äôs love encouragement and power.

#quote  #GodsLove  #Worry https://t.co/GAua6IRbYG"
376,God proved He CARES for us by dying on the cross and proved He can CARRY anything through His resurrection!  Give H‚Ä¶ https://t.co/2trJUz4FEl
377," @Ranal55: My apprehension is no match for God‚Äôs love encouragement and power.

#quote  #GodsLove  #Worry https://t.co/GAua6IRbYG"
378," @Ranal55: My apprehension is no match for God‚Äôs love encouragement and power.

#quote  #GodsLove  #Worry https://t.co/GAua6IRbYG"
379," @Ranal55: My apprehension is no match for God‚Äôs love encouragement and power.

#quote  #GodsLove  #Worry https://t.co/GAua6IRbYG"
380," @Ranal55: My apprehension is no match for God‚Äôs love encouragement and power.

#quote  #GodsLove  #Worry https://t.co/GAua6IRbYG"
381,"My apprehension is no match for God‚Äôs love encouragement and power.

#quote  #GodsLove  #Worry https://t.co/GAua6IRbYG"
382,Strategies that Work! Troubled Waters: Activities for #Angry #Worried Kids https://t.co/ywEeBgMRBn #anxiety #worry‚Ä¶ https://t.co/qc6qJvC7xf
383,Worry is a down payment on a problem you may never have. Eradicate #worry from your life! https://t.co/4W7DB9CfH2‚Ä¶ https://t.co/j39LXhQSSW
384,"don't #worry earthlings
i'm not real..
- OR AM I??"
385,".....jealousy¬†guilt¬†depressed mood and¬†loneliness.

#neuroses #neurotic #thinking #worry #neurodiversity"
386, @MinLeeRice: No one can Stop what the #Lord has Ordain for U but yourself. So don't #Worry about when others who don't Support U -When G‚Ä¶
387,"""If you didn't have anything to worry about you'd worry about that.""
- Cimarron (1960) #worry #bookquoteüìñ"
388, @MinLeeRice: No one can Stop what the #Lord has Ordain for U but yourself. So don't #Worry about when others who don't Support U -When G‚Ä¶
389,Do not #worry it is all #good! https://t.co/IzofdrdmjW  #Follow #Jesus #JesusSaves https://t.co/bo4rd7tFTd
390, @MinLeeRice: No one can Stop what the #Lord has Ordain for U but yourself. So don't #Worry about when others who don't Support U -When G‚Ä¶
391,No one can Stop what the #Lord has Ordain for U but yourself. So don't #Worry about when others who don't Support U -When God has Ur Back.
392,No one can Stop what the #Lord has Ordain for U but yourself. So don't #Worry about when others who don't Support U -When God has Ur Back.
393,No one can Stop what the #Lord has Ordain for U but yourself. So don't #Worry about when others who don't Support U -When God has Ur Back.
394," @Ranal55: My apprehension is no match for God‚Äôs love encouragement and power.

#quote  #GodsLove  #Worry https://t.co/OmHfjpuJVa"
395,Finished this book this morning. Good lifestyle tips for healthy living. #bookreview #dublin #ireland #worry‚Ä¶ https://t.co/Fp3Gd1lwfj
396,Worrying is a waste of time. Good and bad things happen in life you just have to keep living and not stress over w‚Ä¶ https://t.co/qZFm5ftJ0J
397,"üéº Don't #worry  Be #HappyMeowüöìüé∂

#My5WordLifePhilosophy 
#supertroopers2 #GenX #CannabisCommunity
 #hightimes‚Ä¶ https://t.co/qcLqDQxulV"
398," @Ranal55: My apprehension is no match for God‚Äôs love encouragement and power.

#quote  #GodsLove  #Worry https://t.co/OmHfjpuJVa"
399,After pressing #Europeans to spend more on #defense U.S. officials #now #worry that their #projects could weaken N‚Ä¶ https://t.co/46jFULARdx
400," @theshewings: Girls You Don't Need to #Worry About these #Menstrual #Symptoms
Read More-https://t.co/UEND6poNyr 

#periods #moodswings‚Ä¶"
401," @Ranal55: My apprehension is no match for God‚Äôs love encouragement and power.

#quote  #GodsLove  #Worry https://t.co/OmHfjpuJVa"
402," @Ranal55: My apprehension is no match for God‚Äôs love encouragement and power.

#quote  #GodsLove  #Worry https://t.co/OmHfjpuJVa"
403,Giant sigh! Working on this. #worry #workingonme https://t.co/TM93tnU3Oj
404," @Ranal55: My apprehension is no match for God‚Äôs love encouragement and power.

#quote  #GodsLove  #Worry https://t.co/OmHfjpuJVa"
405," @Ranal55: My apprehension is no match for God‚Äôs love encouragement and power.

#quote  #GodsLove  #Worry https://t.co/OmHfjpuJVa"
406," @Ranal55: My apprehension is no match for God‚Äôs love encouragement and power.

#quote  #GodsLove  #Worry https://t.co/OmHfjpuJVa"
407,Are You Dreading Something?¬†https://t.co/bZXspElBx2 #worry #fear #spiritualgrowth #Choose2Grow
408,@OfficialCSA Come on mzantsi what's wrong boys #Worry
409,Read Eden's Tips for when you feel anxious https://t.co/ouDstScIGr @everythingedenx #anxiety #tips #mentalhealth‚Ä¶ https://t.co/UczmXy6MYd
410," @theshewings: Girls You Don't Need to #Worry About these #Menstrual #Symptoms
Read More-https://t.co/UEND6poNyr 

#periods #moodswings‚Ä¶"
411,A very unorthodox approach for ending #panic and #anxiety https://t.co/D2itGBax87 #Worry #Fears #Phobias
412," @theshewings: Girls You Don't Need to #Worry About these #Menstrual #Symptoms
Read More-https://t.co/UEND6poNyr 

#periods #moodswings‚Ä¶"
413,What is worry?  Worry is the sin of not trusting God.  #bibletweet #church #amen #worried #worry
414," @Ranal55: My apprehension is no match for God‚Äôs love encouragement and power.

#quote  #GodsLove  #Worry https://t.co/OmHfjpuJVa"
415," @Ranal55: My apprehension is no match for God‚Äôs love encouragement and power.

#quote  #GodsLove  #Worry https://t.co/OmHfjpuJVa"
416," @Ranal55: My apprehension is no match for God‚Äôs love encouragement and power.

#quote  #GodsLove  #Worry https://t.co/OmHfjpuJVa"
417," @Ranal55: My apprehension is no match for God‚Äôs love encouragement and power.

#quote  #GodsLove  #Worry https://t.co/OmHfjpuJVa"
418," @TheWisdomTree: chill out relax and let go of #stress #anxiety and #worry 

#JoyTrain https://t.co/f4GhLJdHiW  @TrueTenor @KariJoys a‚Ä¶"
419," @Ranal55: My apprehension is no match for God‚Äôs love encouragement and power.

#quote  #GodsLove  #Worry https://t.co/OmHfjpuJVa"
420," @Ranal55: My apprehension is no match for God‚Äôs love encouragement and power.

#quote  #GodsLove  #Worry https://t.co/OmHfjpuJVa"
421, @EricSimsEffect: #worry is just a #meditation on üí©shit! Open yourself up to #InfinitePossibilities #authenticity #Recovery #LifeRestorat‚Ä¶
422," @Ranal55: My apprehension is no match for God‚Äôs love encouragement and power.

#quote  #GodsLove  #Worry https://t.co/OmHfjpuJVa"
423," @Ranal55: My apprehension is no match for God‚Äôs love encouragement and power.

#quote  #GodsLove  #Worry https://t.co/OmHfjpuJVa"
424," @Ranal55: My apprehension is no match for God‚Äôs love encouragement and power.

#quote  #GodsLove  #Worry https://t.co/OmHfjpuJVa"
425,"My apprehension is no match for God‚Äôs love encouragement and power.

#quote  #GodsLove  #Worry https://t.co/OmHfjpuJVa"
426,May the rain wash away your worries #worry #quote #peace via @themoodcards https://t.co/IbOj2iMJdw
427,Ten Steps to Freeing Yourself from Your #Worry https://t.co/hjoHAUT8Od #anxiety #stress https://t.co/Y77M3K3mgI
428,A Simple But Powerful Way to Kick The #Worry #Habit https://t.co/4Z5tF0Aphs
429,"Girls You Don't Need to #Worry About these #Menstrual #Symptoms
Read More-https://t.co/UEND6poNyr 

#periods‚Ä¶ https://t.co/P7iKu2XB4c"
430," @mylifenbalance: ""Remember...""

@mylifenbalance #balance #wellness #worry https://t.co/Kk9jPuBzdQ"
431,Nobody should feel alone #worry #Weareone #healing via @themoodcards https://t.co/JeRR0zNuax
432,"What does it mean to live in the moment? 
And how do I stop worrying about the future?

Find out here -‚Ä¶ https://t.co/klrrMKNfFD"
433,"The external world will never be as the #Mind desires it
#Stress #Pressure and #Worry only exist within the #Mind‚Ä¶ https://t.co/ti20xVo7lk"
434,"#Stress #Pressure and #Worry only exist within the #Mind
Inner #Peace starts the moment we stop allowing another p‚Ä¶ https://t.co/0ayFo7y5ZZ"
435, @KCS_Moraleja: Mr Fossey releases his stress @KingsGroupOrg @Kings_CAO @KISChamartin #Headteacherstress #worry https://t.co/LmLfJuqZ4q
436,"#FAITH makes #WORRY OBSOLETE.
adotsom
https://t.co/vO4ADLPMBU"
437,Stop Feeling Anxiety & Worry. This is how: https://t.co/YUlvls4WcH #anxiety #anxious #worry #healing #growth https://t.co/J984VHe98v
438,Stop Feeling Anxiety & Worry. This is how: https://t.co/ZgJH9uk88q #anxiety #anxious #worry #healing #growth https://t.co/AA5ESTm4un
439,Sorrow #looks back #Worry looks around #Faith looks up......#Raindrop
440,Not supposed to #worry when you're successful? It's a waste of #imagination after all: https://t.co/xvqtAIADdS. 11‚Ä¶ https://t.co/EyLAM9K5Kf
441,Are you constantly worrying thinking ‚Äòwhat if‚Ä¶?‚Äô I can help you manage these intrusive thoughts. Contact Melanie:‚Ä¶ https://t.co/8vR28WCOv2
442,"My dads really in to this idea that I'll meet a ""Prince Charming"" however the thing I'm worried about is that his l‚Ä¶ https://t.co/GsjzNxE46I"
443,chill out relax and let go of #stress #anxiety and #worry #JoyTrain via @moodcards https://t.co/B1ToKErCRK
444,"@betrendsetters #Hair growth isn't #hereditary and so #worry never to feel terribly #sorry

Comb hair with a slow‚Ä¶ https://t.co/wEoQI6nYey"
445,""" Don't Worry About Your Bank Account Worry About How Many People Will Show Up To Your Funeral "" 

#worry #bank #Account #Peoplekind #great"
446,To the mind the present moment does not exist. All there is to the mind is past & future but if you surrender & f‚Ä¶ https://t.co/BR6zM9jSqp
447,worrying about how others perceive you will only drive you insane because people will misperceive you no matter how‚Ä¶ https://t.co/w5tUWZyrOv
448," @MsRoniAnne: #Sorrow looks back. #Worry looks around. #Faith looks up.
#GoodNightWorld Give #faith a try! 
#Sleep well #dream sweet! #B‚Ä¶"
449,My 91 year old Mum is having hip replacement surgery tomorrow morning. I‚Äôm so scared. #eldercare #surgery #worry #lovemymum
450,Why #worry about gaining a few extra pounds? #Fat people are harder to kidnap.
451,"#Sorrow looks back. #Worry looks around. #Faith looks up.
#GoodNightWorld Give #faith a try! 
#Sleep well #dream s‚Ä¶ https://t.co/nMenS0tHGc"
452,"""I‚Äôm not #fine as in fine but fine as in you don‚Äôt have to #worry about #me.""

#beingme‚Ä¶ https://t.co/cOQLxjGDDn"
453,#Worries are #pointless. If there's a solution there's no need to worry. If no solution exists there's no point to #worry.
454,Anger and worry are the most unprofitable conditions known to man. They are like thieves that steal precious time a‚Ä¶ https://t.co/kpORoVc8SX
455,Anger and worry are the most unprofitable conditions known to man. They are like thieves that steal precious time a‚Ä¶ https://t.co/bv8FEkPBzn
456, @msariaferreira: Say No To: #worry #worry #Anxiety #anxiety #worry https://t.co/4oXTH9Ppio
457,‚ÄúAnxiety does not empty tomorrow of its sorrow but only empties today of its strength.‚Äù (Alexander Maclaren) #Worry #Wisdom #Today
458,"The Worry Reggae Song
#worry #anxietyproblems #Reggae #NewSong https://t.co/sY5UNOpiiy"
459,#Worry never robs tomorrow of its sorrow it only saps today of its joy.
460,Stressful times? #worry #anxiety #DepressionArmy https://t.co/5X2uvhGzbh
461,Rumination creates anticipation anxiety https://t.co/2ubQJgtptd #rumination #brooding #sleepless #worry #anxiety‚Ä¶ https://t.co/osQtP9plbg
462,We experience moments absolutely free from #worry. These brief respites are called #panic.
463," @mylifenbalance: ""Remember...""

@mylifenbalance #balance #wellness #worry https://t.co/Kk9jPuBzdQ"
464,What is one of the major causes of worry? The energy we spend accumulating and protecting things that have no etern‚Ä¶ https://t.co/JpyJZ52hD2
465,Don't  miss this if you parent an #intense kid. #parentingtips #challengingchild #angrykids #worry‚Ä¶ https://t.co/gsAWiWpsge
466,"And which of you by worrying can add a single hour to his life‚Äôs span? Luke 12:25

#Worry #doubt and #fear are som‚Ä¶ https://t.co/9oOHAJ1asN"
467,"Want to make meditation easier?  Use imagery. My happy place... where is yours?

#meditate #meditation #breathe‚Ä¶ https://t.co/GmJJvbofrP"
468,Ugh.. #mood #moods #chill #yinyang #relax #worry #anxiety #detail #itiswhatitis #balance @ New‚Ä¶ https://t.co/AJGxBWwrWt
469,"When #Feelings Overwhelm: How to Help a Child
https://t.co/ZR8ZaFJIQi #worry #anxiety #sadness https://t.co/RmGPkSa72O"
470," @mylifenbalance: ""Remember...""

@mylifenbalance #balance #wellness #worry https://t.co/Kk9jPuBzdQ"
471," @mylifenbalance: ""Remember...""

@mylifenbalance #balance #wellness #worry https://t.co/Kk9jPuBzdQ"
472,"""Remember...""

@mylifenbalance #balance #wellness #worry https://t.co/Kk9jPuBzdQ"
473,#Worry #doubt #fear and #despair are the enemies which slowly bring us down to the ground and turn us to dust before we die.
474," @lauryou1907: ""The one who attaches their heart ‚ù§Ô∏è to the üåç world has attached their heart to three things endless #worry false expect‚Ä¶"
475,@AircraftBooks #AvGeek #Aviation #abstract #humour #heroic #worry cmoonnow. Saving 3000 and hitler trick works because mengeles dontlikehunt
476,Do not #worry it is all #good! https://t.co/IzofdrdmjW  #Follow #Jesus #JesusSaves https://t.co/bo4rd7tFTd
477,.#stress & #anxiety r based on #worry of future events that have not yet happened https://t.co/vBqwaVtKxm #heal #cope #LOA #prophecy #Shift
478,@perry_gruber #Worry is a Reality you don‚Äôt want
479,hey let's play runescape #THIS #IS #A #JOKE #DONT #WORRY
480," @lauryou1907: ""The one who attaches their heart ‚ù§Ô∏è to the üåç world has attached their heart to three things endless #worry false expect‚Ä¶"
481," @lauryou1907: ""The one who attaches their heart ‚ù§Ô∏è to the üåç world has attached their heart to three things endless #worry false expect‚Ä¶"
482,#Worry counts the days; living in the divine now  gives us countless peace.
483,chill out relax and let go of #stress #anxiety and #worry #JoyTrain via @moodcards https://t.co/m1AQSBUswW
484,Stop #worry start living! If worry prevents #sleep or gets you down try these #tips. https://t.co/QCtt2PsKUB‚Ä¶ https://t.co/3mtf5OTG65
485," @lauryou1907: ""The one who attaches their heart ‚ù§Ô∏è to the üåç world has attached their heart to three things endless #worry false expect‚Ä¶"
486," @lauryou1907: ""The one who attaches their heart ‚ù§Ô∏è to the üåç world has attached their heart to three things endless #worry false expect‚Ä¶"
487,@ledrew @DrElnora @Joe122719Joe @AnnickNday @mirtaimperatori @GodsWordIsFree @geshepjr @AccuetHome @danrisky‚Ä¶ https://t.co/tfb7FUsmRn
488,"""The one who attaches their heart ‚ù§Ô∏è to the üåç world has attached their heart to three things endless #worry false‚Ä¶ https://t.co/9J43AfHA99"
489," @TayloredCurios: Freshly Caught Feelings... coming soon üíô
#MentalHealthAwareness #MentalHealthMatters #worry #miniature #handmade #artdo‚Ä¶"
490,"Freshly Caught Feelings... coming soon üíô
#MentalHealthAwareness #MentalHealthMatters #worry #miniature #handmade‚Ä¶ https://t.co/w4k9iD2PP3"
491," @media786786: ""#Successful #people #never #worry about what others are #doing."".      - #quote"
492, @CoachBrettBlair: Worrying is Like a Rocking Chair https://t.co/K2QKbKeO4q #Worry #Growth #Success https://t.co/7w1cehfuF6
493, @CoachBrettBlair: Worrying is Like a Rocking Chair https://t.co/K2QKbKeO4q #Worry #Growth #Success https://t.co/7w1cehfuF6
494,Worrying is Like a Rocking Chair https://t.co/K2QKbKeO4q #Worry #Growth #Success https://t.co/7w1cehfuF6
495,"Evening Meeke'rs! ü§ò
This bug may worry some of you!
Check it out How to retrieve.‚ò∫Ô∏è
https://t.co/jgB4FOIgdB
~Team‚Ä¶ https://t.co/ejYv5TIKfn"
496,Eliminate the external factors that may interfere with a good night's sleep and check if it's the bed pillow noi‚Ä¶ https://t.co/RHbbFdMKwY
497,"""#Successful #people #never #worry about what others are #doing."".      - #quote"
498,"""#Successful #people #never #worry about what others are #doing."".      - #quote"
499,You are free to think thoughts of #worry or #joy and whatever you choose will attract the same back to you. How wi‚Ä¶ https://t.co/zvCnaGUUiv
500,Fed up with your #accountant? Switching has never been easier. We offer a #FREE switching #service so you need not‚Ä¶ https://t.co/D8CBOCPdx7
501,to all of you sons out there.....please keep your phones charged and in working order.....cuz when your mother can'‚Ä¶ https://t.co/HYqwLPTOLV
502, @themoodcards: chill out relax and let go of #stress #anxiety and #worry #JoyTrain via @moodcards https://t.co/8opNcRIlZt
503, @themoodcards: chill out relax and let go of #stress #anxiety and #worry #JoyTrain via @moodcards https://t.co/8opNcRIlZt
504,Single #apparel #brands should #worry about #private #label #attire: https://t.co/ODmG8qdv55
505,Worry has no place in today... A quote by Corrie Ten Boom that brings peace. ... Be a Quote Judge! Vote on the quot‚Ä¶ https://t.co/QOH8zgL1If
506,Just published a new article: A powerful way to stop worrying https://t.co/CKnWB56UTc #happiness #worry https://t.co/cvqVHdrUlm
507, @themoodcards: chill out relax and let go of #stress #anxiety and #worry #JoyTrain via @moodcards https://t.co/8opNcRIlZt
508,chill out relax and let go of #stress #anxiety and #worry #JoyTrain via @moodcards https://t.co/8opNcRIlZt
509," @TheWisdomTree: chill out relax and let go of #stress #anxiety and #worry 

#JoyTrain https://t.co/f4GhLJdHiW  @TrueTenor @KariJoys a‚Ä¶"
510," @TheWisdomTree: chill out relax and let go of #stress #anxiety and #worry 

#JoyTrain https://t.co/f4GhLJdHiW  @TrueTenor @KariJoys a‚Ä¶"
511," @TheWisdomTree: chill out relax and let go of #stress #anxiety and #worry 

#JoyTrain https://t.co/f4GhLJdHiW  @TrueTenor @KariJoys a‚Ä¶"
512," @TheWisdomTree: chill out relax and let go of #stress #anxiety and #worry 

#JoyTrain https://t.co/f4GhLJdHiW  @TrueTenor @KariJoys a‚Ä¶"
513," @TheWisdomTree: chill out relax and let go of #stress #anxiety and #worry 

#JoyTrain https://t.co/f4GhLJdHiW  @TrueTenor @KariJoys a‚Ä¶"
514,One word frees us of all the weight and pain in life. That word is love. Sophocles #fear #worry
515," @JosMaria1966: Bobby McFerrin - Don't #Worry 

#bobbymcferrin #aliens #70s #80s #90s #retro #popmusic #rock #retromusic #newwave #synthp‚Ä¶"
516,May the rain wash away your worries #worry #quote #peace via @themoodcards https://t.co/Oo5FLw5WoV
517,Worrying parents have another tool to help them https://t.co/sRWb16lyAK #worry #parent
518,Opinions can be deceiving. Check on the people in your community once in a while! #neighbors #community  #help‚Ä¶ https://t.co/f6xC2gvP1K
519,"You can #worry about someone cos you can see they‚Äôre #hurting themselves.

But until they #realise what they‚Äôre doi‚Ä¶ https://t.co/9aL7hkFgZD"
520," @TheWisdomTree: chill out relax and let go of #stress #anxiety and #worry 

#JoyTrain https://t.co/f4GhLJdHiW  @TrueTenor @KariJoys a‚Ä¶"
521," @TheWisdomTree: chill out relax and let go of #stress #anxiety and #worry 

#JoyTrain https://t.co/f4GhLJdHiW  @TrueTenor @KariJoys a‚Ä¶"
522, @moodcards: Dump your fears and marry your dreams #fear #anxiety #worry #themoodcards via @moodcards https://t.co/5tQPvvq6kn
523,Worry is a useless emotion yet it overtakes us with the power of an emotional tsunami uprooting all attempts to b‚Ä¶ https://t.co/diz1jIOa2r
524,Top 5 reasons why you should not #worry https://t.co/BpnbtHHCh9
525,"New #BlogPost: Worry Will Get You NoWhere
#Worry #Pray #Priorities #SeekGodFirst 
https://t.co/bXHjm0JlJ4"
526,Focus on valuing others and feel your #self-esteem grow #parenting #worry  #anxiety #themoodcards via @moodcards https://t.co/eAtrRfXHF6
527, @DrShannonWarden: My goal: #Pray more #worry less. https://t.co/YNUAQE9lTj
528,@RespectYourself Troubles aren't permanent like tattoos #depression #worry #anxiety #shame via @moodcards‚Ä¶ https://t.co/DL9apNqJDj
529,'Do not be anxious about anything' https://t.co/g3yttNUIFJ #anxiety #Paul #Philippians #worry
530, @1ironwoman: No need to #worryüòáüôèstay strong make it through the storm the üåû is shinning on the other side.
531,When I don‚Äôt say shit then #WORRY
532,Dump your fears and marry your dreams #fear #anxiety #worry #themoodcards via @moodcards https://t.co/5tQPvvq6kn
533,Accept what is as if you had chosen it. Resistance is pain & it is a big part of your suffering if not all of it.‚Ä¶ https://t.co/exbqVCTI6T
534,Give you #worry to the One who knows best. https://t.co/wvGozm67I1
535, @book_tribe: ‚Ä¢ Worried? Stressed? Want to trust God more? Learn biblical practical ideas for diminishing the #stress of #worry. https://‚Ä¶
536,"""Am I living out of trust in God or out of anxiety and fear of my own future? Don't misinterpret this season of wor‚Ä¶ https://t.co/Te80sPQmto"
537,Eagerness to obtain tranquility leads to more anxiety https://t.co/hrBySQlc3V #rumination #brooding #sleepless‚Ä¶ https://t.co/rgO32ss97g
538,Are you facing #hardtimes? #SpeakLife over your situation loved ones & friends. Your words contain power! #anxiety‚Ä¶ https://t.co/Gb3263fKCY
539,If the #worry is not about getting solutions to the existing problem then get over it! https://t.co/1nGOK5DOKC
540,"[Blog Post] ""5 Ways to Stop Worrying and Start Living Again"" 
https://t.co/hhW6ZrNZzN @knowgogrow #worry https://t.co/HwmUSop3qN"
541,chill out relax and let go of #stress #anxiety and #worry #JoyTrain via @moodcards https://t.co/cjYqRrzV7j
542,"Bobby McFerrin - Don't #Worry 

#bobbymcferrin #aliens #70s #80s #90s #retro #popmusic #rock #retromusic #newwave‚Ä¶ https://t.co/9GbgVfSbk3"
543," @Kidlutions: More than a dozen resources to help kids with #anxiety #worry and #stress
https://t.co/yfgfdcCJCe"
544,"More than a dozen resources to help kids with #anxiety #worry and #stress
https://t.co/yfgfdcCJCe"
545, @book_tribe: ‚Ä¢ Worried? Stressed? Want to trust God more? Learn biblical practical ideas for diminishing the #stress of #worry. https://‚Ä¶
546,"Change Your Life: 7 Steps For Living In The Moment
https://t.co/67X6pbWks0

#thebloggercrowd #bloggerstribe‚Ä¶ https://t.co/nm77HfhwlE"
547, @book_tribe: ‚Ä¢ Worried? Stressed? Want to trust God more? Learn biblical practical ideas for diminishing the #stress of #worry. https://‚Ä¶
548, @book_tribe: ‚Ä¢ Worried? Stressed? Want to trust God more? Learn biblical practical ideas for diminishing the #stress of #worry. https://‚Ä¶
549,Do not #worry it is all #good! https://t.co/IzofdrdmjW  #Follow #Jesus #JesusSaves https://t.co/bo4rd7tFTd
550, @book_tribe: ‚Ä¢ Worried? Stressed? Want to trust God more? Learn biblical practical ideas for diminishing the #stress of #worry. https://‚Ä¶
551,#Worry is interest paid on trouble before it comes due.
552, @SherryHBlue: 8 Ways to Care For Yourself When a Tragedy Is In the News https://t.co/DzqHKXo5Ij #selfcare #mindset #news #worry #stress‚Ä¶
553,8 Ways to Care For Yourself When a Tragedy Is In the News https://t.co/DzqHKXo5Ij #selfcare #mindset #news #worry‚Ä¶ https://t.co/HxpYrW6jpI
554,Doom And Gloom Worry.  Read More At:  https://t.co/YnwjKESj31 #Worry https://t.co/YJUonefaAY
555,"Don't #worry when you are not recognized but strive to be worthy of #recognition. #AbrahamLincoln

#FridayFeeling‚Ä¶ https://t.co/tAH8dqjhe2"
556, @book_tribe: ‚Ä¢ Worried? Stressed? Want to trust God more? Learn biblical practical ideas for diminishing the #stress of #worry. https://‚Ä¶
557,@SkitheAllegheny Having booked a vacation next weekend in snowshoe I sure hope there is enough left for them to stay open. #worry #cornsnow
558, @book_tribe: ‚Ä¢ Worried? Stressed? Want to trust God more? Learn biblical practical ideas for diminishing the #stress of #worry. https://‚Ä¶
559,‚Ä¢ Worried? Stressed? Want to trust God more? Learn biblical practical ideas for diminishing the #stress of #worry.‚Ä¶ https://t.co/Qu6OwxDnhi
560, @LightOnConspira: To those who suffer from anxiety & depression. https://t.co/ChQmpOfI7M    #Depression #Anxiety #Worry https://t.co/LEE‚Ä¶
561,Don't #Worry God has a plan for you a Plan for good and not for evil a #Plan to give you a hope that leads to a‚Ä¶ https://t.co/DLixzHgBfH
562, @sociallightig: ‚ÄúCast all your anxiety on him because he cares for you.‚Äù 1 Peter 5:7 #anxiety #stress #worry #scripture #bible https://t‚Ä¶
563,#anxiety #rumination #worry #stress. I would argue however anxiety is more normal than the so called 'normal' in this image.
564,‚ÄúCast all your anxiety on him because he cares for you.‚Äù 1 Peter 5:7 #anxiety #stress #worry #scripture #bible https://t.co/YA7w4ffvSx
565,A quiet mind and body hears spirit quickly and readily through the vehicle of #intuition. Eliminate all #worry abou‚Ä¶ https://t.co/MSaKcC9WsE
566, @SayNoToAnxiety: #Worry often gives a small thing a big shadow.
567,#Never #Worry about your heart till it stops beating.
568,Good point! Now if only I can remember this. #worry https://t.co/LRsPAsc6sa
569,Mind Hacks to deal better with #anxiety and #worry.  https://t.co/CByPh6QZYe https://t.co/wyIRSoWzlV
570,A  new chance could be more risky than you thought!!üßê #overdoseteam #overthinking #worry
571,Joining me in the studio tonight will be Jennie Spain. Topics include dealing with #worry #perfectionism and using‚Ä¶ https://t.co/aUor4qBJpc
572,#Worry can sap our strength + make it difficult to cope especially when times are tough. Learn to manage #anxiety:‚Ä¶ https://t.co/Ak0wncBGk5
573,Im always telling myself that worrying or stressing over a situation isnt going to make it any better! Let go & let‚Ä¶ https://t.co/lWvtwcnyrW
574,#Worry often gives a small thing a big shadow.
575,Emotions... #overcomefear #worry  https://t.co/8jwDiAXHiD https://t.co/89zJwXnIhc
576, @msariaferreira: Say No To: #worry #worry #Anxiety #anxiety #worry https://t.co/4oXTH9Ppio
577,Say No To: #worry #worry #Anxiety #anxiety #worry https://t.co/4oXTH9Ppio
578,"Why worry?
If you've done the very best you can worrying won't make it better üòØ

by Walt Disney
   #worry https://t.co/jGFcmjGm09"
579, @sbhandari16: #Love more #worry less !!#GoodMorning https://t.co/xaMeJd7l7M
580,A hundredload of #worry will not pay an ounce of debt.
581,When you constantly #worry about the future you cannot possibly enjoy your #NOW https://t.co/IY3aqSA2R9 #fear #depression #anxiety #growth
582,Why Do I #Worry So Much About What People Think? https://t.co/cjjyehX2Qx
583,Don't #worry about #failures worry about the #chances you #miss when you don't even #try. #quote #Motivation‚Ä¶ https://t.co/ykGNmnVZxn
584,@chelseahandler @odetteroulette Imagine being Tamir Rice's mom. Imagine being Trayvon Martin's mom? Fellow white pe‚Ä¶ https://t.co/ioZb224hR6
585,Don't #Worry God has a plan for you a Plan for good and not for evil a #Plan to give you a hope that leads to a‚Ä¶ https://t.co/oN8ymacD4P
586,"The instant cure for worry
https://t.co/HSjqSyjqir #worry #mindset #fear #action #motivation #inspirational #inspiration"
587, @Iamcharlenaj: #why should I #worry or #fear ? #God is working behind the scene. God have everyhing worked out in #advance. #Fearless #P‚Ä¶
588,How do you explain your anxiety to someone who doesn‚Äôt have anxiety and doesn‚Äôt understand that you just can‚Äôt stop‚Ä¶ https://t.co/J88rVuqrHE
589,In 5 DAYS! Put an #End to #Worry #class #workshop w/ Erin Doppelt on Feb 20 in #HighlandPark #register TODAY --‚Ä¶ https://t.co/KpdFEy9rz5
590, @DrShannonWarden: My goal: #Pray more #worry less. https://t.co/YNUAQE9lTj
591, @mrjert: As American as Apple Pie #worry https://t.co/ZX6PFgQpC8
592, @PosBrainwashed: #Worry won't change the future or solve your problems. Taking action will #TuesdayMotivation
593, @SpeakLiveTrue: chill out relax and let go of #stress #anxiety and #worry #JoyTrain via @moodcards #freeSPIRIT https://t.co/SEHqK0Lcm7
594,#Worry won't change the future or solve your problems. Taking action will #TuesdayMotivation
595,As American as Apple Pie #worry https://t.co/ZX6PFgQpC8
596,I was taught how to worry.  Read More At:  https://t.co/YnwjKESj31  #worry https://t.co/sbEwKt7S9w
597,Cowardice fosters anxiety https://t.co/DSu5oAOJP8 #rumination #brooding #sleepless #worry #anxiety #OCD #reassuring‚Ä¶ https://t.co/vNmq5uZ2Ss
598,Can you guess what I'm learning this for?  Check out my book that will be out very soon.  https://t.co/JnMESOu4Cd ‚Ä¶‚Ä¶ https://t.co/5vSvCpe73y
599,I NEED TO TAKE MY MOM TO #WEHO SO SHE CAN SEE WHAT WE DO AND WHAT #THEABBEY IS BECAUSE SOCIETY REALLY HAS TRAUMATIZ‚Ä¶ https://t.co/9yqzERXcwP
600,Don't #Worry God has a plan for you a Plan for good and not for evil a #Plan to give you a hope that leads to a‚Ä¶ https://t.co/OqLtUUJ7Wx
601,"I'd REALLY start to #worry when the engine begins to run low on fuel..
#justsaying https://t.co/5W45Qw4r8f"
602,Do you #worry? #anxiety #jobs #workplace #staffing #hiring #leadership #management #stress https://t.co/n2Iqt1vUoX
603,Do you #worry? #anxiety #jobs #workplace #staffing #hiring #leadership #management #stress https://t.co/sxkrQGSWXl
604,"What do you worry about?

Today I was worrying about my [perceived] lack of time and this great remember showed u‚Ä¶ https://t.co/uqDJWT4SL1"
605,"#anxiety #worry 

Anxiety & I https://t.co/fAAYdS542Z"
606,"Now you don't have to #worry about leaving your #business when #traveling 
Thank you @BFPTravel for the #traveltips‚Ä¶ https://t.co/a0yvmS5Pti"
607,@Godly_Life Worry is assuming responsibility that God never intended for us to have.  Bill Gothard 1972  See Phil 4:6-7  #worry #anxiety
608,#CheckOut this #Devotional titled ‚ÄúThe Inheritance‚Äù https://t.co/8h8CDiiimB. #CHRISTIANS need to #worry about leavi‚Ä¶ https://t.co/0pfd5IDAMc
609,I love being busy even if I am busy doing nothing.#livelife #worry #stress https://t.co/8jwDiAG5U3 https://t.co/P2PffRkhGe
610,Do not #worry it is all #good! https://t.co/IzofdqVKVm  #Follow #Jesus #JesusSaves https://t.co/bo4rd7tFTd
611,So beautiful happy about my #seccade because this one is my #nasib  I believe in it üíü I will come back #Mecca jus‚Ä¶ https://t.co/DQHtrVd8Kh
612,Eliminate #anxiety and #worry. #FeelLighter more #relaxed https://t.co/KVis2hmbNE #chakraalignment #chakraboost
613,How worry can sap your enthusiasm for life and four ways to change that. https://t.co/uwyB7TrmrB via @Sizzling60‚Ä¶ https://t.co/0s3tUYxKzP
614, @BishopManjoro: Worry or stress will do you no good. It will not change anything. #Acceleration #BishopManjoro #Worry #Stress https://t.‚Ä¶
615,Keep making myself food have a couple of mouthfuls then can‚Äôt face anymoreüòî #stress #worry
616,4 KEYS TO CONQUERING #WORRY AND #FEAR!¬†https://t.co/cqSqtExItW¬† #Choose2Grow
617,We probably wouldn't #worry about what people think of us if we could know how seldom they do.
618,"""Worry and fear reveals a part of ourselves that we don't fully trust God with. We don't fully trust Him with our f‚Ä¶ https://t.co/a1IFBCdSrm"
619,When you constantly #worry about the future you cannot possibly enjoy your #NOW https://t.co/NA2wjtr4nY #fear #depression #anxiety #growth
620,". . . üòÇ ü§£ üòÇ ü§£

#GoldDiggers? When's the last #time you met a ""#gold digger"" who grosses $100000 annually drives a‚Ä¶ https://t.co/2mlFEIAd7J"
621,"The instant cure for worry
https://t.co/3ECxzXte65 #worry #mindset #fear #action #motivation #inspirational #inspiration"
622,'That is why I tell you not to worry about everyday life-whether you have enough food & drink or enough clothes to‚Ä¶ https://t.co/2CuMRRWyEi
623,Worry disturbs your life because it is Needless Faithless and Useless.  #NoWorries #Worry #Matthew6
624," @BethFratesMD: Most of the stuff people #worry about never happens!"" https://t.co/W1hSrY8z1Q  #JoYTrain #anxiety #MentalHealth #Health #‚Ä¶"
625,is this really happening? #Amaze #worry https://t.co/0W2lWkATTH
626, @sbhandari16: #Love more #worry less !!#GoodMorning https://t.co/xaMeJd7l7M
627, @ctimari_cece: #Worry does not empty tomorrow of its sorrow it empties today of its #strength - Corrie Boom üòß #ThursdayThoughts #Thursd‚Ä¶
628, @SpeakLiveTrue: chill out relax and let go of #stress #anxiety and #worry #JoyTrain via @moodcards #freeSPIRIT https://t.co/SEHqK0Lcm7
629,chill out relax and let go of #stress #anxiety and #worry #JoyTrain via @moodcards #freeSPIRIT https://t.co/SEHqK0Lcm7
630,Relax. Take Control Of Your Emotions. Now You Can Conquer #Fear #Anxiety and #Worry Here's How:  https://t.co/ZBBKGPOTv2
631,The peace of God guards your heart and mind from worry and anxiety.  #worry #NoWorries #Philippians4:7
632, @DrShannonWarden: My goal: #Pray more #worry less. https://t.co/YNUAQE9lTj
633,#Facts üíØ #Worry about yourself! Trying to keep up with someone means your always a #step behind‚Ä¶ https://t.co/JIp33xfvJ3
634," @ThinkSimplicity: The Evolution of #Anxiety:Why We #Worry and What to Do About It via @Entrepreneur  https://t.co/OCWDdIdVMX 

#UK #Recr‚Ä¶"
635, @sbhandari16: #Love more #worry less !!#GoodMorning https://t.co/xaMeJd7l7M
636,"The Evolution of #Anxiety:Why We #Worry and What to Do About It via @Entrepreneur  https://t.co/OCWDdIdVMX 

#UK‚Ä¶ https://t.co/GoT9nyr4Qx"
637,@JosephPrince #Worry: what a stronghold of the mind! No wonder #Jesus singled out this invader and exposed its impo‚Ä¶ https://t.co/cLYX4hzTmy
638," @vbtwistofficial: #Prayer #Worry Less 
#Believe God https://t.co/iyzjWcxKKQ"
639,Most popular class in Yale‚Äôs history teaches happiness https://t.co/5jpaxSJJgZ #collegestudents #college #students‚Ä¶ https://t.co/RhSu7Xls7Q
640, @sbhandari16: #Love more #worry less !!#GoodMorning https://t.co/xaMeJd7l7M
641,#Worry does not empty tomorrow of its sorrow it empties today of its #strength - Corrie Boom üòß #ThursdayThoughts‚Ä¶ https://t.co/cNmvf8ZoXG
642, @sbhandari16: #Love more #worry less !!#GoodMorning https://t.co/xaMeJd7l7M
643," @TheWisdomTree: chill out relax and let go of #stress #anxiety and #worry 

#JoyTrain https://t.co/f4GhLJdHiW  @TrueTenor @KariJoys a‚Ä¶"
644,Earn ¬£130 by taking part in @KingsCollegeLon 3-week study on worrying where you will be completing online sessions‚Ä¶ https://t.co/bJknuaiNaM
645, @sbhandari16: #Love more #worry less !!#GoodMorning https://t.co/xaMeJd7l7M
646, @sbhandari16: #Love more #worry less !!#GoodMorning https://t.co/xaMeJd7l7M
647,@rachelburden Wait til your child goes to high school! You'll freak out. Everythings loaded with cheese. Its a fat‚Ä¶ https://t.co/cOFcFgm0UN
648,"It‚Äôs Worry O‚Äôclock!
https://t.co/vOJxbORLN2
#writing #wellness #mentalhealth #blogging #writingcommunity‚Ä¶ https://t.co/aFCAXm7sab"
649, @sbhandari16: #Love more #worry less !!#GoodMorning https://t.co/xaMeJd7l7M
650, @sbhandari16: #Love more #worry less !!#GoodMorning https://t.co/xaMeJd7l7M
651,Worry or stress will do you no good. It will not change anything. #Acceleration #BishopManjoro #Worry #Stress https://t.co/eqCBnNQGhn
652, @sbhandari16: #Love more #worry less !!#GoodMorning https://t.co/xaMeJd7l7M
653, @sbhandari16: #Love more #worry less !!#GoodMorning https://t.co/xaMeJd7l7M
654, @sbhandari16: #Love more #worry less !!#GoodMorning https://t.co/xaMeJd7l7M
655, @sbhandari16: #Love more #worry less !!#GoodMorning https://t.co/xaMeJd7l7M
656, @sbhandari16: #Love more #worry less !!#GoodMorning https://t.co/xaMeJd7l7M
657,This moron thinks he's an expert on how to reach you but it's only lunchroom talk so don't worry.  #moron #expert #reach #lunchroom #worry
658, @sbhandari16: #Love more #worry less !!#GoodMorning https://t.co/xaMeJd7l7M
659,#ThursdayThoughts: Now no need to #worry about the security of the #students because #Locateschoolbus app is the b‚Ä¶ https://t.co/y3XvAdIJE4
660," @mylifenbalance: ""When you feel like quitting...""

@mylifenbalance #worry #wellness #burnout https://t.co/bTgeHGi8MW"
661, @sbhandari16: #Love more #worry less !!#GoodMorning https://t.co/xaMeJd7l7M
662, @sbhandari16: #Love more #worry less !!#GoodMorning https://t.co/xaMeJd7l7M
663, @sbhandari16: #Love more #worry less !!#GoodMorning https://t.co/xaMeJd7l7M
664, @sbhandari16: #Love more #worry less !!#GoodMorning https://t.co/xaMeJd7l7M
665,#Love more #worry less !!#GoodMorning https://t.co/xaMeJd7l7M
666, @DrShannonWarden: My goal: #Pray more #worry less. https://t.co/YNUAQE9lTj
667," @TheWisdomTree: chill out relax and let go of #stress #anxiety and #worry 

#JoyTrain https://t.co/f4GhLJdHiW  @TrueTenor @KariJoys a‚Ä¶"
668, @SayNoToAnxiety: #Worry is a complete cycle of inefficient thought revolving about a pivot of #fear.
669," @DavidHonaker79: It is horrible to live in a society where you have to #worry that your kids may get shot at school....

.... because Am‚Ä¶"
670," @DavidHonaker79: It is horrible to live in a society where you have to #worry that your kids may get shot at school....

.... because Am‚Ä¶"
671,#Worry is a complete cycle of inefficient thought revolving about a pivot of #fear.
672, @DrShannonWarden: My goal: #Pray more #worry less. https://t.co/YNUAQE9lTj
673," @DavidHonaker79: It is horrible to live in a society where you have to #worry that your kids may get shot at school....

.... because Am‚Ä¶"
674,Does your child's #anger or #worry feel like a tsunami? Here's help! https://t.co/ywEeBgMRBn https://t.co/96AlKjh8zH
675," @DavidHonaker79: It is horrible to live in a society where you have to #worry that your kids may get shot at school....

.... because Am‚Ä¶"
676, @DrShannonWarden: My goal: #Pray more #worry less. https://t.co/YNUAQE9lTj
677,My goal: #Pray more #worry less. https://t.co/YNUAQE9lTj
678," @TheWisdomTree: chill out relax and let go of #stress #anxiety and #worry 

#JoyTrain https://t.co/f4GhLJdHiW  @TrueTenor @KariJoys a‚Ä¶"
679," @DavidHonaker79: It is horrible to live in a society where you have to #worry that your kids may get shot at school....

.... because Am‚Ä¶"
680,"It is horrible to live in a society where you have to #worry that your kids may get shot at school....

.... becaus‚Ä¶ https://t.co/AOgTydDx1o"
681,We experience moments absolutely free from #worry. These brief respites are called #panic.
682,"A great review of #WorryNoMoreBook by @mindbodyandtech ""Can you stop #worry in 4 steps?"" https://t.co/OOhYzHOPWJ  https://t.co/Q7Yd0KcjoM"
683, @pastordankrebs: #Worry never robs tomorrow of its #sorrow; it only saps today of its #strength - A. J. Crown #faith #positive #motivati‚Ä¶
684,24. #Worry is a choice made to surrender faith. Philippians  4:6-7.
685,Concerns and worry - Read the blog post at: https://t.co/qqXixfjiF7  #concers  #worry
686,When the daughter is away - texts you at midnight and then doesn‚Äôt answer her phone!! #daughters #worry #stress #wideawakenow #nosleepforme
687,#Worry never robs tomorrow of its #sorrow; it only saps today of its #strength - A. J. Crown #faith #positive #motivation
688," @mylifenbalance: ""When you feel like quitting...""

@mylifenbalance #worry #wellness #burnout https://t.co/bTgeHGi8MW"
689," @TheWisdomTree: chill out relax and let go of #stress #anxiety and #worry 

#JoyTrain https://t.co/f4GhLJdHiW  @TrueTenor @KariJoys a‚Ä¶"
690, @DrDPendergrass: How to stop feeling anxious click here: https://t.co/YUlvls4WcH #anxiety #anxious #worry #healing #heal #growth https:‚Ä¶
691,Is Worrying Taking Control of Your Life? https://t.co/KT4muxKcXw #worry #stress #anxiety #happiness
692,How to stop feeling anxious click here: https://t.co/YUlvls4WcH #anxiety #anxious #worry #healing #heal #growth https://t.co/RJnG76vish
693,How to stop feeling anxious click here: https://t.co/ZgJH9uk88q #anxiety #anxious #worry #healing #heal #growth https://t.co/T10qLwcxy3
694,#FallingDown Day 16 - Today's Twitter version of This is Your Life = AM - Anxiety #worry cry #depression #cry‚Ä¶ https://t.co/FV5IEGyngn
695," @TheWisdomTree: chill out relax and let go of #stress #anxiety and #worry 

#JoyTrain https://t.co/f4GhLJdHiW  @TrueTenor @KariJoys a‚Ä¶"
696,"""When you feel like quitting...""

@mylifenbalance #worry #wellness #burnout https://t.co/bTgeHGi8MW"
697,"Remember once i told you stories
Of us of love and all its glories
And as reality made all these stories gory
Love‚Ä¶ https://t.co/Q7V06x1wtb"
698, @KariJoys: Don't #worry... Everything is gonna be alright! #JoyTrain #Faith https://t.co/SDN7hRWDap  @timelesssoul1
699,#Worries are #pointless. If there's a solution there's no need to worry. If no solution exists there's no point to #worry.
700," @TheWisdomTree: chill out relax and let go of #stress #anxiety and #worry 

#JoyTrain https://t.co/f4GhLJdHiW  @TrueTenor @KariJoys a‚Ä¶"
701," @TheWisdomTree: chill out relax and let go of #stress #anxiety and #worry 

#JoyTrain https://t.co/f4GhLJdHiW  @TrueTenor @KariJoys a‚Ä¶"
702," @TheWisdomTree: chill out relax and let go of #stress #anxiety and #worry 

#JoyTrain https://t.co/f4GhLJdHiW  @TrueTenor @KariJoys a‚Ä¶"
703,Do not #worry it is all #good! https://t.co/IzofdrdmjW  #Follow #Jesus #JesusSaves https://t.co/bo4rd7tFTd
704,Everything you need will come to you at the perfect time - so let go of  #worry #anxiety via @moodcards #freeSPIRIT https://t.co/WGpazbDkCt
705, @KariJoys: Don't #worry... Everything is gonna be alright! #JoyTrain #Faith https://t.co/SDN7hRWDap  @timelesssoul1
706,@MarjiLaine #Worry has no place in the believer's heart - Perfect LOVE casts out fear! #NoFear¬† https://t.co/6phsx8AVrf
707,"Whether you're single or happily yoked you don't have to #Worry you are loved. 

#MuchLove to‚Ä¶ https://t.co/N5TZxua98z"
708,Story of my life too üò©  @DarkForestFire: My life has been ruined by disasters that have never happened. #worry #anxiety
709," @TheWisdomTree: chill out relax and let go of #stress #anxiety and #worry 

#JoyTrain https://t.co/f4GhLJdHiW  @TrueTenor @KariJoys a‚Ä¶"
710,Doom And Gloom Worry- Read the blog post at: https://t.co/YnwjKESj31  #Worry  #Negativity  #Leadership
711," @TheWisdomTree: chill out relax and let go of #stress #anxiety and #worry 

#JoyTrain https://t.co/f4GhLJdHiW  @TrueTenor @KariJoys a‚Ä¶"
712,My life has been ruined by disasters that have never happened. #worry #anxiety
713,Not Gonna #Worry whip toenail 198: cancer on the Holy Spirit #NotGonnaWorry
714,Not Gonna #Worry Wednesday Tip 198: Call on the Holy Spirit #NotGonnaWorry
715,Don't let worry steal your mind and thoughts.  It doesn't change the result! https://t.co/87qmu66sH1 #TodaysVerse‚Ä¶ https://t.co/ApbRZFEVA8
716,"""Times will change for the better when you change.""
                        -Maxwell Maltz-

Tags: #Character‚Ä¶ https://t.co/VS8R0mF4Nh"
717, @TrueTenor: chill out relax and let go of #stress #anxiety and #worry #JoyTrain via @moodcards https://t.co/U6OXQACsCe
718," @TheWisdomTree: chill out relax and let go of #stress #anxiety and #worry 

#JoyTrain https://t.co/f4GhLJdHiW  @TrueTenor @KariJoys a‚Ä¶"
719,"don't #worry earthlings
i'm not real..
- OR AM I??"
720,A Simple But Powerful Way to Kick The #Worry #Habit https://t.co/4Z5tF0Aphs
721,Emotions... #overcomefear #worry  https://t.co/8jwDiAXHiD https://t.co/4alBAsN3ab
722,Some good advice here on dealing with ‚Äòwhat if...‚Äô thinking. If you would like some help managing your ‚Äòwhat if‚Äôs‚Ä¶ https://t.co/IkcNmQcHE8
723, @KCS_Moraleja: Mr Fossey releases his stress @KingsGroupOrg @Kings_CAO @KISChamartin #Headteacherstress #worry https://t.co/LmLfJuqZ4q
724,Thursday 15 February 2-3PM Mindfulness Meditation FREE  #MindfulnessMeditation The practice of #mindfulness appears‚Ä¶ https://t.co/pCLdUMQNuX
725, @KCS_Moraleja: Mr Fossey releases his stress @KingsGroupOrg @Kings_CAO @KISChamartin #Headteacherstress #worry https://t.co/LmLfJuqZ4q
726,Mr Fossey releases his stress @KingsGroupOrg @Kings_CAO @KISChamartin #Headteacherstress #worry https://t.co/LmLfJuqZ4q
727,"#Worry-lessWednesday
‚ÄúThe trick is to enjoy life. Don‚Äôt wish away your days waiting for better ones ahead.‚Äù  Marjor‚Ä¶ https://t.co/ltK7OCldDX"
728, @AltWaysToHeal: May the rain wash away your worries #worry #quote #peace via @themoodcards @AltWaysToHeal! https://t.co/Sr7P6YTNhs
729, @WorryHangers: Point: Should pets be allowed on campus living? ‚Äì Pets on Campus - UTSA‚Ä¶ https://t.co/xDyJSZT3wh #worry #mindfulness
730,May the rain wash away your worries #worry #quote #peace via @themoodcards @AltWaysToHeal! https://t.co/Sr7P6YTNhs
731," @TheWisdomTree: chill out relax and let go of #stress #anxiety and #worry 

#JoyTrain https://t.co/f4GhLJdHiW  @TrueTenor @KariJoys a‚Ä¶"
732," @TheWisdomTree: chill out relax and let go of #stress #anxiety and #worry 

#JoyTrain https://t.co/f4GhLJdHiW  @TrueTenor @KariJoys a‚Ä¶"
733,Try your best to put your worries aside when your child needs help. Those worries will still be there after you off‚Ä¶ https://t.co/ygqgpSgt9l
734,Another 5am wake up! üí§ üò¥ Think it‚Äôs time to face up to some issues and find some solutions üí≥ üí¥ #debt #stress #worry
735," @TheWisdomTree: chill out relax and let go of #stress #anxiety and #worry 

#JoyTrain https://t.co/f4GhLJdHiW  @TrueTenor @KariJoys a‚Ä¶"
736, @CJacquesLife: #Fear & #Worry are two separate things. Fear is something tangible you can conquer with the right skills & mindset. Worry‚Ä¶
737,BEST of PONDER on THIS for Wednesday February 14th 2018 by Stephen Russell in BAREFOOT DOCTOR'S GUIDE TO THE TAO‚Ä¶ https://t.co/TBcYPO771m
738," @TheWisdomTree: chill out relax and let go of #stress #anxiety and #worry 

#JoyTrain https://t.co/f4GhLJdHiW  @TrueTenor @KariJoys a‚Ä¶"
739, @KariJoys: Don't #worry... Everything is gonna be alright! #JoyTrain #Faith https://t.co/SDN7hRWDap  @timelesssoul1
740,Don't #worry... Everything is gonna be alright! #JoyTrain #Faith https://t.co/SDN7hRWDap  @timelesssoul1
741," @drdavecarbonell: Mark Twain on #Worry:
‚ÄúI‚Äôve seen some terrible things in my lifetime and some of them actually happened‚Äù."
742,My kids are the best #Valentines. These are the moments that make life worth the storms. #inspiration #Joy #funny‚Ä¶ https://t.co/IRnE3sjOhX
743,Don't #worry about #shipping we got you covered! #freeshipping https://t.co/OyFjbnXIYe
